{
	"Attacke-Basis" : { "Abkürzung" : "AT-Basis", "Eigenschaften" : ["MU", "GE", "KK"], "Multiplikator" : 0.2 },
	"Parade-Basis" : { "Abkürzung" : "PA-Basis", "Eigenschaften" : ["IN", "GE", "KK"], "Multiplikator" : 0.2 },
	"Fernkampf-Basis" : { "Abkürzung" : "FK-Basis", "Eigenschaften" : ["IN", "FF", "KK"], "Multiplikator" : 0.2 },
	"Initiative-Basis" : { "Abkürzung" : "INI-Basis", "Eigenschaften" : ["MU", "MU", "IN", "GE"], "Multiplikator" : 0.2 },
	"Initiative" : { "Abkürzung" : "INI" },
	"Wundschwelle" : { "Abkürzung" : "WS", "Eigenschaften" : ["KO"], "Multiplikator" : 0.5 },
	"Artefaktkontrolle" : { "Abkürzung" : "AK", "Eigenschaften" : ["IN"], "Basiswerte" : ["Magieresistenz"] },
	"Lebensenergie" : { "Abkürzung" : "LeP", "Eigenschaften" : ["KO", "KO", "KK"], "Multiplikator" : 0.5, "Zukauf" : 8, "Zukauf:Maximum" : { "Eigenschaften" : ["KO"], "Multiplikator" : 0.5 } },
	"Ausdauer" : { "Abkürzung" : "AuP", "Eigenschaften" : ["MU", "GE", "KO"], "Multiplikator" : 0.5, "Zukauf" : 5, "Zukauf:Maximum" : { "Eigenschaften" : ["KO"], "Multiplikator" : 1 } },
	"Astralenergie" : { "Abkürzung" : "AsP", "Eigenschaften" : ["MU", "IN", "CH"], "Multiplikator" : 0.5, "Zukauf" : 7, "Zukauf:Maximum" : { "Eigenschaften" : ["CH"], "Multiplikator" : 1 } },
	"Karmaenergie" : { "Abkürzung" : "KaP" },
	"Magieresistenz" : { "Abkürzung" : "MR", "Eigenschaften" : ["MU", "KL", "KO"], "Multiplikator" : 0.2, "Zukauf" : 8, "Zukauf:Maximum" : { "Eigenschaften" : ["MU"], "Multiplikator" : 0.5 } },
	"Geschwindigkeit" : { "Abkürzung" : "GS" },
	"Sozialstatus" : { "Abkürzung" : "SO" }
}