{
	"Talentgruppen" : {
		"Nahkampf" : "Nahkampftalente",
		"Fernkampf" : "Fernkampftalente",
		"Kampf" : "Kampftalente",
		"Körperlich" : "Körperliche Talente",
		"Gesellschaft" : "Gesellschaftliche Talente",
		"Natur" : "Natur-Talente",
		"Wissen" : "Wissenstalente",
		"Handwerk" : "Handwerkstalente"
	},
	"Talente" : {
		"Zweihandhiebwaffen" : "Zweihand-Hiebwaffen",
		"Sich verstecken" : "Sich Verstecken",
		"Stimmen imitieren" : "Stimmen Imitieren",
		"Sich verkleiden" : "Sich Verkleiden",
		"Fallen stellen" : "Fallenstellen",
		"Götter und Kulte" : "Götter/Kulte",
		"Geografie" : "Geographie",
		"Sagen und Legenden" : "Sagen/Legenden",
		"Boote fahren" : "Boote Fahren",
		"Fahrzeug lenken" : "Fahrzeug Lenken",
		"Kartografie" : "Kartographie",
		"Schlösser knacken" : "Schlösser Knacken",
		"Schnaps brennen" : "Schnaps Brennen",
		"Stoffe färben" : "Stoffe Färben",
		"Sprachen kennen Alt-Imperial/Aureliani" : "Aureliani",
		"Sprachen kennen Urtulamidya" : "Ur-Tulamidya",
		"Lesen/Schreiben Altes Amulashtra" : "Amulashtra",
		"Lesen/Schreiben Altes Kemi" : "Altes Kemi (Schrift)",
		"Lesen/Schreiben Angram" : "Angram (Schrift)",
		"Lesen/Schreiben Gimaril-Glyphen" : "Gimaril",
		"Lesen/Schreiben Gjalskisch" : "Gjalskisch (Schrift)",
		"Lesen/Schreiben Hjaldingsche Runen" : "Hjaldingsche Runen",
		"Lesen/Schreiben (Alt-)Imperiale Zeichen" : "Imperiale Zeichen",
		"Lesen/Schreiben Isdira/Asdharia" : "Isdira (Schrift)",
		"Lesen/Schreiben Rogolan" : "Rogolan (Schrift)",
		"Lesen/Schreiben Trollische Raumbilderschrift" : "Raumbilderschrift",
		"Lesen/Schreiben Tulamidya" : "Tulamidya (Schrift)",
		"Lesen/Schreiben Urtulamidya" : "Ur-Tulamidya (Schrift)",
		"Lesen/Schreiben Zhayad" : "Zhayad (Schrift)"
	},
	"Zauber" : {
		"Analys Arkanstruktur" : "Analys Arcanstruktur",
		"Aquafaxius Wasserstrahl" : "Aquafaxius",
		"Archofaxius Erzstrahl" : "Archofaxius",
		"Brenne toter Stoff!" : "Brenne, toter Stoff!",
		"Frigifaxius Eisstrahl" : "Frigifaxius",
		"Frigisphaero Eisball" : "Frigisphaero",
		"Humofaxius Humusstrahl" : "Humofaxius",
		"Motoricus" : "Motoricus Geisteshand",
		"Orcanofaxius Luftstrahl" : "Orcanofaxius",
		"Orconosphaero Orkanball" : "Orcanosphaero",
		"Orkanwand" : "Wand aus Luft",
		"Reptilea Natternest" : "Reptilea Natternnest",
		"Respondami" : "Respondami Wahrheitszwang",
		"Skelettarius" : "Skelettarius Totenherr",
		"Silentium" : "Silentium Schweigekreis",
		"Umbraporta Schattentüre" : "Umbraporta Schattentür",
		"Weiße Mähn und goldener Huf" : "Weiße Mähn' und gold'ner Huf",
		"Adamantium Erzstruktur (Agm)" : "Adamantium Erzstruktur (Agrimoth)",
		"Aeolitus Windgebraus (Agm)" : "Aeolitus Windgebraus (Agrimoth)",
		"Aerofugo Vakuum (Agm)" : "Aerofugo Vakuum (Agrimoth)",
		"Aerogelo Atemqual (Agm)" : "Aerogelo Atemqual (Agrimoth)",
		"Armatrutz (Agm)" : "Armatrutz (Agrimoth)",
		"Brenne, toter Stoff! (Agm)" : "Brenne, toter Stoff! (Agrimoth)",
		"Caldofrigo heiß und kalt (Agm)" : "Caldofrigo heiß und kalt (Agrimoth)",
		"Fortifex arkane Wand (Agm)" : "Fortifex arkane Wand (Agrimoth)",
		"Granit und Marmor (Agm)" : "Granit und Marmor (Agrimoth)",
		"Humofaxius (Agm)" : "Humofaxius (Agrimoth)",
		"Ignifaxius Flammenstrahl (Agm)" : "Ignifaxius Flammenstrahl (Agrimoth)",
		"Ignisphaero Feuerball (Agm)" : "Ignisphaero Feuerball (Agrimoth)",
		"Leib des Feuers (Agm)" : "Leib des Feuers (Agrimoth)",
		"Orcanofaxius (Agm)" : "Orcanofaxius (Agrimoth)",
		"Wand aus Dornen (Agm)" : "Wand aus Dornen (Agrimoth)",
		"Wand aus Erz (Agm)" : "Wand aus Erz (Agrimoth)",
		"Weiches erstarre! (Agm)" : "Weiches erstarre! (Agrimoth)",
		"Windhose (Agm)" : "Windhose (Agrimoth)"
	},
	"Repräsentationen:Abkürzungen" : {
		"Achaz" : "Ach",
		"Borbaradianer" : "Bor",
		"Druide" : "Dru",
		"Elf" : "Elf",
		"Hexe" : "Hex",
		"Schelm" : "Sch",
		"Scharlatan" : "Srl",
		"Magiedilletant" : "ÜNB"
	},
	"Vorteile/Nachteile" : {
		"Begabung für [Merkmal]" : "Begabung für Merkmal",
		"Begabung für [Ritual]" : "Begabung für Ritual",
		"Begabung für [Talent]" : "Begabung für Talent",
		"Begabung für [Talentgruppe]" : "Begabung für Talentgruppe",
		"Begabung für [Zauber]" : "Begabung für Zauber",
		"Geweiht [Angrosch]" : "Geweiht",
		"Geweiht [Gravesh]" : "Geweiht",
		"Geweiht [H'Ranga]" : "Geweiht",
		"Geweiht [nicht-alveranische Gottheit]" : "Geweiht",
		"Geweiht [zwölfgöttliche Kirche]" : "Geweiht",
		"Gutaussehend" : "Gut Aussehend",
		"Herausragende Eigenschaft: Mut" : "Herausragender Mut",
		"Herausragende Eigenschaft: Klugheit" : "Herausragende Klugheit",
		"Herausragende Eigenschaft: Intuition" : "Herausragende Intuition",
		"Herausragende Eigenschaft: Charisma" : "Herausragendes Charisma",
		"Herausragende Eigenschaft: Gewandtheit" : "Herausragende Gewandtheit",
		"Herausragende Eigenschaft: Fingerfertigkeit" : "Herausragende Fingerfertigkeit",
		"Herausragende Eigenschaft: Konstitution" : "Herausragende Konstitution",
		"Herausragende Eigenschaft: Körperkraft" : "Herausragende Körperkraft",
		"Tierempathie (alle)" : "Tierempathie",
		"Tierempathie (speziell)" : "Tierempathie (einzelne Tierart)",
		"Madas Fluch (stark)" : "Madas Fluch",
		"Miserable Eigenschaft: Mut" : "Miserabler Mut",
		"Miserable Eigenschaft: Klugheit" : "Miserable Klugheit",
		"Miserable Eigenschaft: Intuition" : "Miserable Intuition",
		"Miserable Eigenschaft: Charisma" : "Miserables Charisma",
		"Miserable Eigenschaft: Gewandtheit" : "Miserable Gewandtheit",
		"Miserable Eigenschaft: Fingerfertigkeit" : "Miserable Fingerfertigkeit",
		"Miserable Eigenschaft: Konstitution" : "Miserable Konstitution",
		"Miserable Eigenschaft: Körperkraft" : "Miserable Körperkraft",
		"Schneller alternd" : "Schneller Alternd",
		"Unfähigkeit für [Merkmal]" : "Unfähigkeit für Merkmal",
		"Unfähigkeit für [Talent]" : "Unfähigkeit für Talent",
		"Unfähigkeit für [Talentgruppe]" : "Unfähigkeit für Talentgruppe"
	},
	"Sonderfertigkeiten" : {
		"Beiß auf Granit" : "Beiß auf Granit!",
		"Beute" : "Beute!",
		"Pech an den Hals" : "Pech an den Hals wünschen",
		"Lied des Trostes (Firnelfische Variante)" : "Firnelfisches Lied des Trostes",
		"Wasserbann" : "Geodischer Wasserbann",
		"Fackel" : "Ewige Flamme",
		"Seil" : "Seil des Adepten",
		"Stabverlängerung" : "Doppeltes Maß",
		"Ruf des Krieges" : "Der Ruf des Krieges",
		"Schutz Rastullahs" : "Der Schutz Rastullahs",
		"Glyphe der Elementaren Attraktion" : "Glyphe der elementaren Attraktion",
		"Glyphe der Elementaren Bannung" : "Glyphe der elementaren Bannung",
		"Satinavs Siegel" : "Zusatzzeichen Satinavs Siegel",
		"Schutzsiegel" : "Zusatzzeichen Schutzsiegel",
		"Arngrims Höhle" : "Arngrimms Höhle",
		"Elementarharmonisierte Aura (Humus/Eis)" : "Elementarharmonisierte Aura (Eis/Humus)",
		"Elementarharmonisierte Aura (Luft/Erz)" : "Elementarharmonisierte Aura (Erz/Luft)"
	},
	"Repräsentationen" : {
		"Achaz" : "Kristallomantisch",
		"Borbaradianer" : "Borbaradianisch",
		"Druide" : "Druidisch",
		"Elf" : "Elfisch",
		"Geode" : "Geodisch",
		"Hexe" : "Hexisch",
		"Magier" : "Gildenmagisch",
		"Scharlatan" : "Scharlatanisch",
		"Schelm" : "Schelmisch"
	},
	"Ritualkenntnis" : {
		"Derwisch" : "Derwische",
		"Druide" : "Druidisch",
		"Geode" : "Geodisch (Herren der Erde)",
		"Gildenmagie" : "Gildenmagisch",
		"Hexe" : "Hexisch",
		"Kristallomantie" : "Kristallomantisch",
		"Scharlatan" : "Scharlatanisch"
	},
	"Rassen" : {
		"Mittellaender" : "Mittelländer",
		"Gjalsker" : "Gjalskerländer",
		"Halbelfe firnelfischer Abstammung" : "Halbelf firnelfischer Abstammung",
		"Halbelfe nivesischer Abstammung" : "Halbelf nivesischer Abstammung",
		"Halbelfe thorwalscher Abstammung" : "Halbelf thorwalscher Abstammung",
		"in elfischer Kultur aufgewachsen" : "bei Elfen großgezogen",
		"Brillantzwerge" : "Brillantzwerg",
		"Ambosszwerge" : "Ambosszwerg",
		"Wilde Zwerge" : "Wilder Zwerg"
	},
	"Kulturen" : {
		"ArchaischeAchaz" : "Archaische Achaz",
		"AuelfenSippe" : "Auelfische Sippe",
		"Dschungelstaemme" : "Dschungelstämme",
		"ElfischeSiedlung" : "Elfische Siedlung",
		"FestumerGhetto" : "Festumer Ghetto",
		"FirnelfenSippe" : "Firnelfische Sippe",
		"Garetien" : "Mittelländische Städte",
		"Gjalskerlaender" : "Gjalskerland",
		"Huegelzwerge" : "Hügelzwerge",
		"Mittelreich" : "Mittelländische Landbevölkerung",
		"Nivesenstaemme" : "Nivesenstämme",
		"Novadis" : "Novadi",
		"NuanaaeLi" : "Nuanaä-Lie",
		"StammesAchaz" : "Stammes-Achaz",
		"SteppenelfenSippe" : "Steppenelfische Sippe",
		"Suedaventurien" : "Südaventurien",
		"Svellttal" : "Svellttal und Nordlande",
		"SvellttalOkkupanten" : "Svellttal-Besatzer",
		"TulamidischeStadtstaaten" : "Tulamidische Stadtstaaten",
		"VerloreneStaemme" : "Verlorene Stämme",
		"WaldelfenSippe" : "Waldelfische Sippe",
		"WaldinselUtulus" : "Waldinsel-Utulus",
		"Kannemünde / Mhanerhaven" : "Kannemünde/Mhanerhaven",
		"Flüchtlinge aus borbaradianisch besetzten Städten" : "Flüchtlinge aus borbaradianisch besetzten Gebieten",
		"Maraskanische Exilanten in Festum" : "Maraskanische Exilanten",
		"Weiden/Greifenfurt" : "Regionen Weiden und Greifenfurt",
		"Kasimit" : "Kasimiten",
		"Maraskanische Exilanten in Khunchom" : "Maraskanische Exilanten",
		"Wüstenoase (Männer)" : "Wüstenoase",
		"Wüstenoase (Frauen)" : "Wüstenoase",
		"Sippe (UdW)" : "Sippe",
		"Ottajasko (UdW)" : "Ottajasko",
		"Söldnerottajasko Hammerfaust in Vinay/Brabak (UdW)" : "Söldnerottajasko Hammerfaust in Vinay/Brabak",
		"Söldnerottajasko Hammerfaust in Askja/Regenwald (UdW)" : "Söldnerottajasko Hammerfaust in Askja/Regenwald",
		"Söldnerottajasko Bannerträger in Drolsash/Drol (UdW)" : "Söldnerottajasko Bannerträger in Drôlsash/Drôl",
		"Söldnerottajasko Drachen von Llanka, heimatlos (UdW)" : "Söldnerottajasko Drachen von Llanka, heimatlos",
		"Sippe aus dem Binnenland (UdW)" : "Sippe|Binnenland",
		"Küstengebiet" : "Küstengebiete",
		"Stadtstaat Al'Anfa" : "Al'Anfa",
		"Maraskanische Exilanten in Al'Anfa" : "Maraskanische Exilanten",
		"Stadtstaat Brabak" : "Brabak",
		"Stadtstaat Charypso" : "Charypso",
		"Stadtstaat Chorhop" : "Chorhop",
		"Stadtstaat Hôt-Alem" : "Hôt-Alem",
		"Stadtstaat Khefu" : "Khefu",
		"Stadtstaat Mengbilla" : "Mengbilla",
		"Stadtstaat Mirham" : "Mirham",
		"Stadtstaat Sylla" : "Sylla",
		"Kolonialhafen" : "Kolonialhäfen",
		"Norbardensippe in Thorwal (UdW)" : "Norbardensippe in Thorwal",
		"Südliche Mittellande (Almada, Garetien)" : "Südliche Mittellande",
		"Großstadt (Lowangen, Punin)" : "Großstadt",
		"Firnelfisch beeinflusste Siedlung (Olport, Keamonmund)" : "Firnelfisch beeinflusste Siedlung",
		"Waldelfisch beeinflusste Siedlung (Donnerbach, Gerasim, Kvirasim)" : "Waldelfisch beeinflusste Siedlung",
		"Ergoch (Sklaven)" : "Ergoch",
		"Grishik (Bauern)" : "Grishik",
		"Drasdech (Handwerker)" : "Drasdech",
		"Khurkach (Krieger und Jäger)" : "Khurkach",
		"Okwach (Elite-Krieger, Priester, Schamanen)" : "Okwach"
	},
	"Professionen" : {
		"Alchemist" : "Alchimist",
		"ArchaischerHandwerkerDerFerkinas" : "Handwerker|Archaische Handwerker|Archaische Handwerker der Ferkinas",
		"ArchaischerHandwerkerDesSuedens" : "Handwerker|Archaische Handwerker|Archaische Handwerker Südaventuriens und der Achaz",
		"Bordmagus" : "Bordzauberer|Halbzauberer",
		"FaehnrichFusskaemper" : "Fähnrich|Fähnrich der Fußkämpfer",
		"FaehnrichKavallerie" : "Fähnrich|Fähnrich der Kavallerie",
		"FaehnrichSee" : "Fähnrich|Fähnrich zur See",
		"Fernhaendler" : "Fernhändler",
		"Grenzjaeger" : "Grenzjäger",
		"Grosswildjaeger" : "Großwildjäger",
		"Haendler" : "Händler",
		"Hoefling" : "Höfling",
		"Hofkuenstler" : "Hofkünstler",
		"Jaeger" : "Jäger",
		"Jahrmarktskaempfer" : "Jahrmarktskämpfer",
		"Kaempfer" : "Kämpfer",
		"KaempferUdw" : "Soldat",
		"Karawanenfuehrer" : "Karawanenführer",
		"Legendensaenger" : "Legendensänger",
		"Lehrmeister" : "Magier",
		"Rattenfaenger" : "Rattenfänger",
		"Soeldner" : "Söldner",
		"Stabsfaehnrich" : "Fähnrich|Stabsfähnrich",
		"Strassenraeuber" : "Straßenräuber",
		"Tageloehner" : "Tagelöhner",
		"Tierbaendiger" : "Tierbändiger",
		"Tierkrieger" : "Durro-Dûn",
		"Wildnislaeufer" : "Wildnisläufer",
		"WindUndWettermagus" : "Bordzauberer",
		"Zaubertaenzer" : "Tänzer",
		"AlAnfa" : "Al'Anfa",
		"Stabsfähnrich aus Wehrheim" : "Wehrheim",
		"Stabsfähnrich aus Vinsalt" : "Vinsalt",
		"städtischer Bogenschütze (UdW)" : "Stadtgardist|Städtischer Bogenschütze",
		"Akademiegardist/Tempelgardist/Ehrengardist" : "Akademiegardist",
		"Kämpferschule Rekkerskola in Enqui (UdW)" : "Gardist in Enqui",
		"Festung der Tapferen zu Baburin" : "Krieger aus Baburin",
		"Akademie 'Schwert und Schild' zu Baliho" : "Krieger aus Baliho",
		"Herzögliche Kriegerakademie zu Elenvina" : "Krieger aus Elenvina",
		"Haus der Hohen Kriegskunst derer vom Berg in Eslamsgrund" : "Krieger aus Eslamsgrund",
		"Institut der Hohen Schule der Reiterei zu Gareth" : "Krieger aus Gareth",
		"Ruadas Ehr in Havena" : "Krieger aus Havena",
		"Kriegerakademie 'Mutter Rondra' auf Hylailos" : "Krieger aus Hylailos",
		"Kriegerschule Rabenschnabel zu Mengbilla" : "Krieger aus Mengbilla",
		"Die Rondragefällige und Theaterritterliche Kriegerschule der Bornländischen Lande zu Neersand" : "Krieger aus Neersand",
		"Freie Kämpferschule der Trutzburg zu Prem" : "Krieger aus Prem",
		"Freie Kämpferschule der Trutzburg zu Prem (UdW)" : "Krieger aus Prem",
		"Königliches Kriegerseminar zu Punin" : "Krieger aus Punin",
		"Kriegerschule Feuerlilie in Rommilys" : "Krieger aus Rommilys",
		"Gänseritter" : "Krieger aus Rommilys|Gänseritter",
		"Kämpferschule Ugdalfskronir in Thorwal" : "Krieger aus Thorwal",
		"Kämpferschule Ugdalfskronir in Thorwal/ Hetja Fotskari (UdW)" : "Krieger aus Thorwal|Hetja der Fotskari",
		"Kämpferschule Ugdalfskronir in Thorwal/ Hetja Riddari (UdW)" : "Krieger aus Thorwal|Hetja der Riddari",
		"Kämpferschule Ugdalfskronir in Thorwal/ Hetja Mangskari (UdW)" : "Krieger aus Thorwal|Hetja der Mangskari",
		"Kämpferschule Ugdalfskronir in Thorwal/ Hetja Herverkmader (UdW)" : "Krieger aus Thorwal|Hetja der Herverkmader",
		"Kämpferschule Ugdalfskronir in Thorwal/ Hetja Bogskari (UdW)" : "Krieger aus Thorwal|Hetja der Bogskari",
		"Kämpferschule Ugdalfskronir in Thorwal/ Hetja Sjahskari (UdW)" : "Krieger aus Thorwal|Hetja der Sjahskari",
		"Akademie der Kriegs- und Lebenskunst zu Vinsalt" : "Krieger aus Vinsalt",
		"Rondras Schwertkunst in Winhall" : "Krieger aus Winhall",
		"Knappe aus Andergast/Nostria (UdW)" : "Ritter alten Schlags|Knappe des traditionellen Ritters|Knappe aus den Streitenden Königreichen",
		"Adersin" : "Schwertgeselle nach Adersin",
		"Uinin" : "Schwertgeselle nach Uinin",
		"Essalio Fedorino" : "Schwertgeselle nach Fedorino",
		"Rafim al-Halan" : "Schwertgeselle nach al-Halan",
		"Rekker der Hjalskari (Fotskari) (UdW)" : "Rekker der Fotskari",
		"Rekker der Hjalskari (Riddari) (UdW)" : "Rekker der Riddari",
		"Rekker der Hjalskari (Mangskari) (UdW)" : "Rekker der Mangskari",
		"Rekker der Hjalskari (Herverkmader) (UdW)" : "Rekker der Fotskari|Rekker der Herverkmader",
		"Rekker der Hjalskari (Bogskari) (UdW)" : "Rekker der Bogskari",
		"Rekker der Hjalskari (Sjahskari) (UdW)" : "Rekker der Sjahskari",
		"Kämpfer aus einer Ottajasko (UdW)" : "Kämpfer einer Ottajasko",
		"Kämpfer aus einer Sippe (UdW)" : "Kämpfer einer Sippe",
		"Kämpfer/Robbenjäger aus einer Ottajasko (UdW)" : "Kämpfer einer Ottajasko|Robbenjäger",
		"Kämpfer/Seefahrer aus einer Ottajasko (UdW)" : "Kämpfer einer Ottajasko|Robbenjäger",
		"Kämpfer/Robbenjäger aus einer Sippe (UdW)" : "Kämpfer einer Sippe|Seefahrer",
		"Kämpfer/Seefahrer aus einer Sippe (UdW)" : "Kämpfer einer Sippe|Seefahrer",
		"Leichtes Fußvolk (Anderthalbhänder)" : "Leichtes Fußvolk|Anderthalbhänder",
		"Premer Seesöldner (UdW)" : "Premer Seesöldner",
		"Tempelwache Achaz" : "Achaz-Stammeskrieger|Tempelwache",
		"Stafettenläufer" : "Zwergischer Stafettenläufer",
		"Robbenjäger (UdW)" : "Robbenjäger",
		"Fallensteller (UdW)" : "Robbenjäger|Fallensteller",
		"Skalde aus der Runajasko (UdW)" : "Skalde aus der Runajasko",
		"Akrobat/Tänzer" : "Akrobat",
		"Taugenichts/Stutzer" : "Stutzer",
		"Taugenichts/Dilettant" : "Dilettant",
		"Erzieher" : "Erzieher der Achaz",
		"traditioneller Schiffbauer (UdW)" : "Traditioneller Schiffbauer",
		"zwergischer Bastler" : "Bastler",
		"zwergischer, dörflicher Bastler" : "Bastler|dörflicher Handwerker",
		"Sesh'shem" : "Sesh'shemet",
		"Schauermann" : "Schauerleute",
		"Brutfleger" : "Brutpfleger der Achaz",
		"Bund des Roten Salamanders (Andergast)" : "Bund des Roten Salamanders|Andergast",
		"Bund des Roten Salamanders (Andergast, magiebegabt)" : "Magiebegabter Alchimist|Bund des Roten Salamanders|Andergast",
		"Bund des Roten Salamanders (Brabak)" : "Bund des Roten Salamanders|Brabak",
		"Bund des Roten Salamanders (Brabak, magiebegabt)" : "Magiebegabter Alchimist|Bund des Roten Salamanders|Brabak",
		"Bund des Roten Salamanders (Fasar)" : "Bund des Roten Salamanders|Fasar",
		"Bund des Roten Salamanders (Fasar, magiebegabt)" : "Magiebegabter Alchimist|Bund des Roten Salamanders|Fasar",
		"Bund des Roten Salamanders (Festum)" : "Bund des Roten Salamanders|Festum",
		"Bund des Roten Salamanders (Festum, magiebegabt)" : "Magiebegabter Alchimist|Bund des Roten Salamanders|Festum",
		"Gilde der Alchimisten zu Mengbilla (magiebegabt)" : "Magiebegabter Alchimist|Gilde der Alchimisten zu Mengbilla",
		"Alchimistische Fakultät der Universität von Al'Anfa (magiebegabt)" : "Magiebegabter Alchimist|Alchimistische Fakultät der Universität von Al'Anfa",
		"Fakultät der Alchimie der Herzog-Eolan-Universität zu Methumis (Arithmetik)" : "Fakultät der Alchimie der Herzog-Eolan-Universität zu Methumis|Quadrivium Arithmetik",
		"Fakultät der Alchimie der Herzog-Eolan-Universität zu Methumis (Arithmetik, magiebegabt)" : "Magiebegabter Alchimist|Fakultät der Alchimie der Herzog-Eolan-Universität zu Methumis|Quadrivium Arithmetik",
		"Fakultät der Alchimie der Herzog-Eolan-Universität zu Methumis (Geometrie)" : "Fakultät der Alchimie der Herzog-Eolan-Universität zu Methumis|Quadrivium Geometrie",
		"Fakultät der Alchimie der Herzog-Eolan-Universität zu Methumis (Geometrie, magiebegabt)" : "Magiebegabter Alchimist|Fakultät der Alchimie der Herzog-Eolan-Universität zu Methumis|Quadrivium Geometrie",
		"Fakultät der Alchimie der Herzog-Eolan-Universität zu Methumis (Musiklehre)" : "Fakultät der Alchimie der Herzog-Eolan-Universität zu Methumis|Quadrivium Musiklehre",
		"Fakultät der Alchimie der Herzog-Eolan-Universität zu Methumis (Musiklehre, magiebegabt)" : "Magiebegabter Alchimist|Fakultät der Alchimie der Herzog-Eolan-Universität zu Methumis|Quadrivium Musiklehre",
		"Fakultät der Alchimie der Herzog-Eolan-Universität zu Methumis (Astronomie)" : "Fakultät der Alchimie der Herzog-Eolan-Universität zu Methumis|Quadrivium Astronomie",
		"Fakultät der Alchimie der Herzog-Eolan-Universität zu Methumis (Astronomie, magiebegabt)" : "Magiebegabter Alchimist|Fakultät der Alchimie der Herzog-Eolan-Universität zu Methumis|Quadrivium Astronomie",
		"Spagyrischer Zweig der Halle des Lebens zu Norburg (magiebegabt)" : "Magiebegabter Alchimist|Spagyrischer Zweig der Halle des Lebens zu Norburg",
		"Kammerjaeger" : "Kammerjäger",
		"Kammerjaeger (magiebegabt)" : "Magiebegabter Alchimist|Kammerjäger",
		"Alchimist aus Unau (magiebegabt)" : "Magiebegabter Alchimist|Alchimist aus Unau",
		"Konzilsdruide (Eiselementarist)" : "Konzilsdruide|Eiselementarist",
		"Konzilsdruide (Erzelementarist)" : "Konzilsdruide|Erzelementarist",
		"Konzilsdruide (Feuerelementarist)" : "Konzilsdruide|Feuerelementarist",
		"Konzilsdruide (Humuselementarist)" : "Konzilsdruide|Humuselementarist",
		"Konzilsdruide (Luftelementarist)" : "Konzilsdruide|Luftelementarist",
		"Konzilsdruide (Wasserelementarist)" : "Konzilsdruide|Wasserelementarist",
		"Verschwiegene Schwestern" : "Verschwiegene Schwester",
		"Schwestern des Wissens" : "Schwester des Wissens",
		"Universität von Al'Anfa - Leibmagier-Zweig" : "Universität von Al'Anfa|Leibmagier-Zweig",
		"Universität von Al'Anfa - Seekriegs-Zweig" : "Universität von Al'Anfa|Seekriegs-Zweig",
		"Akademie der Geistesreisen zu Belhanka" : "Akademie der Geistreisen zu Belhanka",
		"Seminar der elfischen Verständigung zu Donnerbach" : "Seminar der Elfischen Verständigung und natürlichen Heilung zu Donnerbach|Verständigungszweig",
		"Seminar der natürlichen Heilung zu Donnerbach" : "Seminar der Elfischen Verständigung und natürlichen Heilung zu Donnerbach|Heilungszweig",
		"Konzil der Elemente zu Drakonia - Eiselementarist" : "Konzil der Elemente zu Drakonia|Eiselementarist",
		"Konzil der Elemente zu Drakonia - Erzelementarist" : "Konzil der Elemente zu Drakonia|Erzelementarist",
		"Konzil der Elemente zu Drakonia - Feuerelementarist" : "Konzil der Elemente zu Drakonia|Feuerelementarist",
		"Konzil der Elemente zu Drakonia - Humuselementarist" : "Konzil der Elemente zu Drakonia|Humuselementarist",
		"Konzil der Elemente zu Drakonia - Luftelementarist" : "Konzil der Elemente zu Drakonia|Luftelementarist",
		"Konzil der Elemente zu Drakonia - Wasserelementarist" : "Konzil der Elemente zu Drakonia|Wasserelementarist",
		"Akademie der geistigen Kraft zu Fasar: Gemäßigter Zweig" : "Akademie der geistigen Kraft zu Fasar|Gemäßigter Zweig",
		"Akademie der geistigen Kraft zu Fasar: Harter Zweig" : "Akademie der geistigen Kraft zu Fasar|Harter Zweig",
		"Sulman Al-Nassori" : "Drachenei-Akademie zu Khunchom|Magier der Sulman Al-Nassori",
		"Runenzauberer (UdW)" : "Runenzauberer",
		"Arcanes Institut Punin - Metamagie, Beschwörungen, Herbeirufung" : "Akademie der hohen Magie & arcanes Institut zu Punin|Punin I",
		"Arcanes Institut Punin - Metamagie, magische Hellsicht, Kraftlinien, Artefakte" : "Akademie der hohen Magie & arcanes Institut zu Punin|Punin II",
		"Pentagramm-Akademie zu Rashdul (Elementarer Zweig)" : "Pentagramm-Akademie zu Rashdul|Elementarer Zweig",
		"Pentagramm-Akademie zu Rashdul (dämonischer Zweig)" : "Pentagramm-Akademie zu Rashdul|Dämonischer Zweig",
		"Stoerrebrandt-Kolleg zu Riva (Magischer Berater)" : "Stoerrebrandt-Kolleg zu Riva|Magischer Berater",
		"Stoerrebrandt-Kolleg zu Riva (Magischer Leibwächter)" : "Stoerrebrandt-Kolleg zu Riva|Magischer Leibwächter",
		"Informations-Institut zu Rommilys" : "Informations-Institut Rommilys",
		"Schule der vierfachen Verwandlung zu Sinoda" : "Schule der Vierfachen Verwandlung zu Sinoda",
		"Kreis der Einfühlung" : "Kreis der Einfühlung in den nördlichen Salamandersteinen",
		"Tulamidische Sharisad (magisch)" : "Tulamidische Sharisad|Zaubertänzer",
		"Novadische Sharisad (magisch)" : "Novadische Sharisad|Zaubertänzer",
		"Zahorischer Hazaqi (magisch)" : "Zahorischer Hazaqi|Zaubertänzer",
		"Aranischer Majuna (magisch)" : "Aranischer Majuna|Zaubertänzer",
		"Waldmenschen" : "Stammeskrieger|Waldmenschen-Stammeskrieger",
		"Fjarninger" : "Stammeskrieger|Stammeskrieger der Fjarninger",
		"Gjalskerländer" : "Stammeskrieger|Stammeskrieger der Gjalskerländer",
		"Ferkina" : "Stammeskrieger|Ferkina-Krieger",
		"Trollzacker" : "Stammeskrieger|Stammeskrieger der Trollzacker",
		"Goblin" : "Stammeskrieger|Goblin-Stammeskrieger",
		"Ork" : "Stammeskrieger|Orkischer Stammeskrieger",
		"Achaz" : "Stammeskrieger|Achaz-Stammeskrieger",
		"Brobim" : "Stammeskrieger|Brobim-Stammeskrieger",
		"Beni Dervez" : "Stammeskrieger der Beni Dervez",
		"Tarisharim" : "Hadjinim|Tarisharim",
		"Al'Drakorhim" : "Hadjinim|Al'Drakorhim",
		"Beni Uchakâni" : "Hadjinim|Beni Uchakâni",
		"Praios" : "Geweihter des Praios",
		"Praios (Hüterorden)" : "Geweihter des Praios|Ordensgeweihter vom Hüterorden",
		"Praios (Bannstrahler)" : "Bannstrahler|Geweihtes Mitglied",
		"Bannstrahler (ungeweiht)" : "Bannstrahler|Nicht geweihtes Mitglied",
		"Rondra" : "Geweihter der Rondra",
		"Rondra, Rhodenstein" : "Geweihter der Rondra|Ordensgeweihter vom Rhodenstein",
		"Rondra, Amazone" : "Rondrageweihte Amazone",
		"Efferd, Noviziat im Binnenland" : "Geweihter des Efferd|Noviziat im Binnenland",
		"Efferd, Noviziat am Rand der Khôm" : "Geweihter des Efferd|Noviziat am Rand der Khôm",
		"Efferd, Noviziat an der Küste" : "Geweihter des Efferd|Noviziat an der Küste",
		"Travia" : "Geweihter der Travia",
		"Travia, Badilakaner" : "Geweihter der Travia|Geweihter Badilakaner",
		"Travia aus Thorwal (UdW)" : "Geweihter der Travia|Thorwal",
		"Boron, Puniner Ritus" : "Geweihter des Boron|Puniner Ritus",
		"Boron, Al'Anfaner Ritus" : "Geweihter des Boron|Al'Anfaner Ritus",
		"Boron (Golgarit)" : "Ordenskrieger der Golgariten|Geweihtes Mitglied",
		"Golgarit (ungeweiht)" : "Ordenskrieger der Golgariten|Nicht geweihtes Mitglied",
		"Orden des schwarzen Raben (Rabengarde) zu Land" : "Krieger vom Orden des Schwarzen Raben|Rabengarde zu Land",
		"Orden des schwarzen Raben (Rabengarde) zur See" : "Krieger vom Orden des Schwarzen Raben|Rabengarde zur See",
		"Hesinde, Pastori" : "Geweihter der Hesinde|Pastori",
		"Hesinde, Satori" : "Geweihter der Hesinde|Satori",
		"Hesinde, Freidenker" : "Geweihter der Hesinde|Freidenker",
		"Hesinde, Draconiter" : "Geweihter der Hesinde|Draconiter, sakraler Zweig",
		"Firun, Waldläufer" : "Geweihter des Firun|Waldläufer",
		"Firun, Hüter der Jagd" : "Geweihter des Firun|Hüter der Jagd",
		"Firun aus Thorwal (UdW)" : "Geweihter des Firun|Waldläufer|Thorwal",
		"Tsa" : "Geweihter der Tsa",
		"Tsa, Koboldfreund" : "Geweihter der Tsa|Koboldfreund",
		"Tsa, Freiheitskämpfer" : "Geweihter der Tsa|Freiheitskämpfer",
		"Phex" : "Geweihter des Phex",
		"Phex, Beutelschneider" : "Geweihter des Phex|Beutelschneider",
		"Phex, Fassadenkletterer" : "Geweihter des Phex|Fassadenkletterer",
		"Phex, Betrüger" : "Geweihter des Phex|Betrüger",
		"Phex, Intrigant" : "Geweihter des Phex|Intrigant",
		"Phex, Händler" : "Geweihter des Phex|Händler",
		"Phex, Hehler" : "Geweihter des Phex|Hehler",
		"Peraine: Noviziat in einem städtischen Tempel" : "Geweihter der Peraine|Noviziat in einem städtischen Tempel",
		"Peraine: Noviziat auf dem Land" : "Geweihter der Peraine|Noviziat auf dem Land",
		"Peraine, Therbûnit" : "Geweihter der Peraine|Peraine-Geweihter der Therbûniten",
		"Ingerimm, Traditioneller Kult" : "Geweihter des Ingerimm|Traditioneller Kult",
		"Ingerimm, Ingra-Kult des Nordens" : "Geweihter des Ingerimm|Ingra-Kult des Nordens",
		"Rahja" : "Geweihter der Rahja",
		"Rahja, Güldenländischer Ritus" : "Geweihter der Rahja|Güldenländischer Ritus",
		"Rahja, Mhanadistanischer Ritus" : "Geweihter der Rahja|Mhanadistanischer Ritus",
		"Rahja, Tempel des Nordens" : "Geweihter der Rahja|Tempel des Nordens",
		"Rahja aus Andergast/Nostria (UdW)" : "Geweihter der Rahja|Streitende Königreiche",
		"Rahja aus Teshkal (Andergast) (UdW)" : "Geweihter der Rahja|Streitende Königreiche|Teschkaler Rahjani",
		"Kavalier Rahjas" : "Rahja-Kavalier",
		"Prediger vom Bund des wahren Glaubens" : "Prediger vom Bund des Wahren Glaubens",
		"Aves" : "Geweihter des Aves",
		"Nandus" : "Geweihter des Nandus",
		"Nandus (Marktschreiber)" : "Geweihter des Nandus|Marktschreiber",
		"Nandus (Volkslehrer)" : "Geweihter des Nandus|Volkslehrer",
		"Nandus (Rechtshelfer)" : "Geweihter des Nandus|Rechtshelfer",
		"Ifirn" : "Geweihter der Ifirn",
		"Ifirn aus Thorwal (UdW)" : "Geweihter der Ifirn|Thorwal",
		"Swafnir" : "Geweihter des Swafnir",
		"Swafnir, Hirte der Walwütigen" : "Geweihter des Swafnir|Hirte der Walwütigen",
		"Angrosch, Hüter der Esse" : "Geweihter des Angrosch|Hüter der Esse",
		"Angrosch, Hüter der Tradition" : "Geweihter des Angrosch|Hüter der Tradition",
		"Angrosch, Hüter der Wacht" : "Geweihter des Angrosch|Hüter der Wacht",
		"Priester von Rur und Gror" : "Priester von Rur und Gror|Tempelpriester von Rur und Gror",
		"Geheimer Priester von Rur und Gror" : "Priester von Rur und Gror|Tempelpriester von Rur und Gror|Geheimer Priester auf Schwarz-Maraskan",
		"Wanderpriester von Rur und Gror" : "Priester von Rur und Gror|Wanderpriester von Rur und Gror",
		"Geheimer Wanderpriester von Rur und Gror" : "Priester von Rur und Gror|Wanderpriester von Rur und Gror|Geheimer Priester auf Schwarz-Maraskan",
		"Medizinmann (Dschungelstämme)" : "Medizinmann|Dschungelstämme",
		"Medizinmann (Verlorene Stämme)" : "Medizinmann|Verlorene Stämme",
		"Medizinmann (Utulus)" : "Medizinmann|Waldinsel-Utulus",
		"Medizinmann (Miniwatu)" : "Medizinmann|Miniwatu",
		"Medizinmann (Tocamuyac)" : "Medizinmann|Tocamuyac",
		"Medizinmann (Darna)" : "Medizinmann|Darna",
		"Kasknuk (Nivesen-Schamane)" : "Kasknuk",
		"Nuranshar" : "Nuranshâr",
		"Nuranshâr (Mheresh)" : "Nuranshâr|Mherech",
		"Nuranshâr (Shai'aian)" : "Nuranshâr|Shai'aian",
		"Nuranshâr (Thalusien)" : "Nuranshâr|Thalusien",
		"Skuldrun: Heiler" : "Skuldrun|Heiler",
		"Skuldrun: Mammut-Seher" : "Skuldrun|Mammut-Seher",
		"Skuldrun: Zauberschmied" : "Skuldrun|Zauberschmied",
		"Geweihter Gravesh-Priester" : "Gravesh-Priester|Geweihter Gravesh-Priester",
		"Stammes-Schamanin der Goblins" : "Goblin-Schamanin|Stammes-Schamanin",
		"Festumer Schamanin der Goblins" : "Goblin-Schamanin|Festumer Schamanin",
		"Kammerjaegerin" : "Kammerjäger",
		"Kammerjaegerin (magiebegabt)" : "Magiebegabter Alchimist|Kammerjäger",
		"Erzählerin" : "Erzähler",
		"Skaldin" : "Skalde",
		"Skaldin aus der Runajasko (UdW)" : "Skalde aus der Runajasko",
		"Erntehelferin" : "Erntehelfer",
		"Feldsklavin" : "Feldsklave",
		"Freibäuerin" : "Freibauer",
		"Gärtnerin" : "Gärtner",
		"Gutsfrau" : "Gutsherr",
		"Leibeigene" : "Leibeigener",
		"Magd" : "Knecht",
		"Müllerin" : "Müller",
		"Pflanzerin" : "Pflanzer",
		"Viehzüchterin" : "Viehzüchter",
		"Winzerin" : "Winzer",
		"Pilzzüchterin" : "Pilzzüchter",
		"Schachtfegerin" : "Schachtfeger",
		"Botenläuferin" : "Botenläufer",
		"Botenreiterin" : "Botenreiter",
		"Erzieherin" : "Erzieher der Achaz",
		"Hausdienerin" : "Hausdiener",
		"Hausmagd" : "Hausknecht",
		"Haussklavin" : "Haussklave",
		"Haussklavin aus Al'Anfa" : "Haussklave aus Al'Anfa",
		"Kutscherin" : "Kutscher",
		"Zofe" : "Leibdiener",
		"Haindruidin" : "Haindruide",
		"Hüterin der Macht" : "Hüter der Macht",
		"Konzilsdruidin (Eiselementarist)" : "Konzilsdruide|Eiselementarist",
		"Konzilsdruidin (Erzelementaristin)" : "Konzilsdruide|Erzelementarist",
		"Konzilsdruidin (Feuerelementaristin)" : "Konzilsdruide|Feuerelementarist",
		"Konzilsdruidin (Humuselementaristin)" : "Konzilsdruide|Humuselementarist",
		"Konzilsdruidin (Luftelementaristin)" : "Konzilsdruide|Luftelementarist",
		"Konzilsdruidin (Wasserelementaristin)" : "Konzilsdruide|Wasserelementarist",
		"Mehrerin der Macht" : "Mehrer der Macht",
		"Sumupriesterin" : "Sumupriester",
		"Apothekaria" : "Apothekarius",
		"Baumeisterin/Deichmeisterin" : "Baumeister",
		"Druckerin" : "Drucker",
		"Hüttenkundige/Bronzegießerin/Eisengießerin" : "Hüttenkundiger",
		"Mechanika" : "Mechanikus",
		"Schiffbauerin" : "Schiffbauer",
		"traditionelle Schiffbauerin (UdW)" : "Traditioneller Schiffbauer",
		"Tresorbauerin" : "Tresorbauer",
		"Uhrmacherin" : "Uhrmacher",
		"Grabräuberin" : "Grabräuber",
		"Auelfische Kämpferin" : "Auelfischer Kämpfer",
		"Firnelfische Kämpferin" : "Firnelfischer Kämpfer",
		"Steppenelfische Kämpferin" : "Steppenelfischer Kämpfer",
		"Waldelfische Kämpferin" : "Waldelfischer Kämpfer",
		"Bergungs-, Schwamm- oder Korallentaucherin" : "Bergungstaucher",
		"Harpunierin" : "Harpunier",
		"Perlenfischerin" : "Perlenfischer",
		"Seefischerin" : "Seefischer",
		"Unterwasserjägerin" : "Unterwasserjäger",
		"Akademiegardistin/Tempelgardistin/Ehrengardistin" : "Akademiegardist",
		"Aranische Sippenkriegerin" : "Aranischer Sippenkrieger",
		"Schließerin" : "Schließer",
		"städtische Bogenschützin (UdW)" : "Stadtgardist|Städtischer Bogenschütze",
		"Straßenwächterin" : "Straßenwächter",
		"Tempelgardistin der Stadt des Schweigens" : "Akademiegardist|Tempelgardist der Stadt des Schweigens",
		"Akrobatin/Tänzerin" : "Akrobat",
		"Dompteuse" : "Dompteur",
		"Musika" : "Musikus",
		"Possenreißerin" : "Possenreißer",
		"Schauspielerin" : "Schauspieler",
		"Schlangenbeschwörerin" : "Schlangenbeschwörer",
		"Vagantin" : "Vagant",
		"Anatomin" : "Anatom",
		"Historikerin" : "Historiker",
		"Mathematica" : "Mathematicus",
		"Medica" : "Medicus",
		"Philosophin/Metaphysikerin" : "Philosoph",
		"Rechtsgelehrte" : "Rechtsgelehrter",
		"Sprachenkundlerin" : "Sprachenkunder",
		"Völkerkundlerin/Sagenkundlerin" : "Völkerkundler",
		"Zahlenmystikerin" : "Zahlenmystiker",
		"Dienerin Sumus" : "Diener Sumus",
		"Herrin der Erde" : "Herr der Erde",
		"Angrosch, Hüterin der Esse" : "Geweihter des Angrosch|Hüter der Esse",
		"Angrosch, Hüterin der Tradition" : "Geweihter des Angrosch|Hüter der Tradition",
		"Angrosch, Hüterin der Wacht" : "Geweihter des Angrosch|Hüter der Wacht",
		"Boron (Golgaritin)" : "Ordenskrieger der Golgariten|Geweihtes Mitglied",
		"Firun, Waldläuferin" : "Geweihter des Firun|Waldläufer",
		"Firun, Hüterin der Jagd" : "Geweihter des Firun|Hüter der Jagd",
		"Priesterin von Rur und Gror" : "Priester von Rur und Gror|Tempelpriester von Rur und Gror",
		"Geheime Priesterin von Rur und Gror" : "Priester von Rur und Gror|Tempelpriester von Rur und Gror|Geheimer Priester auf Schwarz-Maraskan",
		"Wanderpriesterin von Rur und Gror" : "Priester von Rur und Gror|Wanderpriester von Rur und Gror",
		"Geheime Wanderpriesterin von Rur und Gror" : "Priester von Rur und Gror|Wanderpriester von Rur und Gror|Geheimer Priester auf Schwarz-Maraskan",
		"Hesinde, Freidenkerin" : "Geweihter der Hesinde|Freidenker",
		"Hesinde, Draconiterin" : "Geweihter der Hesinde|Draconiter, sakraler Zweig",
		"Nandus (Marktschreiberin)" : "Geweihter des Nandus|Marktschreiber",
		"Nandus (Volkslehrerin)" : "Geweihter des Nandus|Volkslehrer",
		"Nandus (Rechtshelferin)" : "Geweihter des Nandus|Rechtshelfer",
		"Phex, Beutelschneiderin" : "Geweihter des Phex|Beutelschneider",
		"Phex, Fassadenklettererin" : "Geweihter des Phex|Fassadenkletterer",
		"Phex, Betrügerin" : "Geweihter des Phex|Betrüger",
		"Phex, Intrigantin" : "Geweihter des Phex|Intrigant",
		"Phex, Händlerin" : "Geweihter des Phex|Händler",
		"Phex, Hehlerin" : "Geweihter des Phex|Hehler",
		"Praios (Bannstrahlerin)" : "Bannstrahler|Geweihtes Mitglied",
		"Predigerin vom Bund des wahren Glaubens" : "Prediger vom Bund des Wahren Glaubens",
		"Priesterin der H'Szint" : "Priester der H'Szint",
		"Priesterin der Zsahh" : "Priester der Zsahh",
		"Swafnir, Hirtin der Walwütigen" : "Geweihter des Swafnir|Hirte der Walwütigen",
		"Travia, Badilakanerin" : "Geweihter der Travia|Geweihter Badilakaner",
		"Tsa, Koboldfreundin" : "Geweihter der Tsa|Koboldfreund",
		"Tsa, Freiheitskämpferin" : "Geweihter der Tsa|Freiheitskämpfer",
		"Fasarer Gladiatorin" : "Fasarer Gladiator",
		"Schaukämpferin" : "Schaukämpfer",
		"Kopfgeldjägerin" : "Kopfgeldjäger",
		"Sklavenjägerin" : "Sklavenjäger",
		"Fahrende Händlerin" : "Fahrender Händler",
		"Geldwechslerin" : "Geldwechsler",
		"Großhändlerin" : "Großhändler",
		"Hausiererin" : "Hausierer",
		"Hehlerin" : "Hehler",
		"Krämerin" : "Krämer",
		"Tauschhändlerin" : "Tauschhändler",
		"Hirtin" : "Hirte",
		"Kleintierzüchterin" : "Kleintierzüchter",
		"Nivesische Karenhirtin" : "Nivesischer Karenhirte",
		"Rinderhirtin" : "Rinderhirte",
		"Schäferin" : "Schäfer",
		"Viehdiebin" : "Viehdieb",
		"Wasserbüffelhirtin" : "Wasserbüffelhirte",
		"Bildhauerin" : "Bildhauer",
		"Darstellerin" : "Darsteller",
		"Hofmusica" : "Hofmusicus",
		"Kalligrahpin" : "Kalligraph",
		"Malerin" : "Maler",
		"Tanzlehrerin" : "Tanzlehrer",
		"Fallenstellerin" : "Fallensteller",
		"Fallenstellerin (UdW)" : "Robbenjäger|Fallensteller",
		"Robbenjägerin (UdW)" : "Robbenjäger",
		"Stammesjägerin" : "Stammesjäger",
		"Wildhüterin" : "Wildhüter",
		"Kopfgeldjägerin" : "Kopfgeldjäger",
		"Kopfgeldjägerin" : "Kopfgeldjäger",
		"Kämpferin aus einer Ottajasko (UdW)" : "Kämpfer einer Ottajasko",
		"Kämpferin aus einer Sippe (UdW)" : "Kämpfer einer Sippe",
		"Kämpferin/Robbenjägerin aus einer Ottajasko (UdW)" : "Kämpfer einer Ottajasko|Robbenjäger",
		"Kämpferin/Seefahrerin aus einer Ottajasko (UdW)" : "Kämpfer einer Ottajasko|Robbenjäger",
		"Kämpferin/Robbenjägerin aus einer Sippe (UdW)" : "Kämpfer einer Sippe|Seefahrer",
		"Kämpferin/Seefahrerin aus einer Sippe (UdW)" : "Kämpfer einer Sippe|Seefahrer",
		"Karawanenführerin" : "Karawanenführer",
		"Salzgängerin" : "Salzgänger",
		"Standard-Kriegerin" : "Standard-Krieger",
		"Kurtisane" : "Gesellschafter",
		"Hure" : "Lustknabe",
		"Unterhändlerin" : "Unterhändler",
		"Bannstrahlerin (ungeweiht)" : "Bannstrahler|Nicht geweihtes Mitglied",
		"Gänseritterin" : "Krieger aus Rommilys|Gänseritter",
		"Golgaritin (ungeweiht)" : "Ordenskrieger der Golgariten|Nicht geweihtes Mitglied",
		"Kavaliera Rahjas" : "Rahja-Kavalier",
		"Säbeltänzerin" : "Säbeltänzer",
		"Goldsucherin oder Prospektorin" : "Prospektor",
		"Kräutersammlerin" : "Kräutersammler",
		"Sammlerin" : "Sammler",
		"Knappin" : "Knappe",
		"Knappin aus Andergast/Nostria (UdW)" : "Ritter alten Schlags|Knappe des traditionellen Ritters|Knappe aus den Streitenden Königreichen",
		"Knappin des traditionellen Ritters" : "Ritter alten Schlags|Knappe des traditionellen Ritters",
		"Ritterin alten Schlags" : "Ritter alten Schlags",
		"Branach-Dûn" : "Brenoch-Dûn",
		"Medizinfrau (Dschungelstämme)" : "Medizinmann|Dschungelstämme",
		"Medizinfrau (Verlorene Stämme)" : "Medizinmann|Verlorene Stämme",
		"Medizinfrau (Utulus)" : "Medizinmann|Waldinsel-Utulus",
		"Medizinfrau (Miniwatu)" : "Medizinmann|Miniwatu",
		"Medizinfrau (Tocamuyac)" : "Medizinmann|Tocamuyac",
		"Medizinfrau (Darna)" : "Medizinmann|Darna",
		"Kaskju (Nivesen-Schamanin)" : "Kasknuk",
		"Skuldrun: Heilerin" : "Skuldrun|Heiler",
		"Skuldrun: Mammut-Seherin" : "Skuldrun|Mammut-Seher",
		"Skuldrun: Zauberschmiedin" : "Skuldrun|Zauberschmied",
		"Gravesh-Priesterin" : "Gravesh-Priester",
		"Geweihte Gravesh-Priesterin" : "Gravesh-Priester|Geweihter Gravesh-Priester",
		"Rikai-Priesterin" : "Rikai-Priester",
		"Tairach-Priesterin" : "Tairach-Priester",
		"Schamanin der Achaz" : "Schamane der Achaz",
		"Hofscharlatanin" : "Hofscharlatan",
		"Jahrmarktszauberin" : "Jahrmarktszauberer",
		"Magische Quacksalberin" : "Magischer Quacksalber",
		"Scharlatanische Seherin" : "Scharlatanischer Seher",
		"Theaterzauberin" : "Theaterzauberer",
		"Trickbetrügerin" : "Trickbetrüger",
		"Hofnarrin" : "Hofnarr",
		"Possenreißerin" : "Possenreißer",
		"Schöpferin" : "Schöpfer",
		"Vagabundin" : "Vagabund",
		"Visionärin" : "Visionär",
		"Fährfrau" : "Fährmann",
		"Flößerin" : "Flößer",
		"Flusspiratin" : "Flusspirat",
		"Flussschifferin" : "Flussschiffer",
		"Lotsin" : "Lotse",
		"Zöllnerin" : "Zöllner",
		"Amtsschreiberin" : "Amtsschreiber",
		"Kontoristin" : "Kontorist",
		"Kopistin" : "Kopist",
		"Schreiberin" : "Schreiber",
		"Pamphletistin" : "Pamphletist",
		"Erzzwergischer Schwertgesellin" : "Erzzwergischer Schwertgeselle",
		"Matrosin" : "Matrose",
		"Navigatorin" : "Navigator",
		"Piratin" : "Pirat",
		"Robbenjägerin" : "Robbenjäger",
		"Walfängerin/Haijägerin" : "Walfänger",
		"Artilleristin" : "Artillerist",
		"Aufgesessene Schützin" : "Aufgesessener Schütze",
		"Berittene Schützin" : "Berittener Schütze",
		"Sappeurin" : "Sappeur",
		"Schützin" : "Schütze",
		"Seeartilleristin" : "Seeartillerist",
		"Seesoldatin" : "Seesoldat",
		"Streitwagenlenkerin" : "Streitwagenlenker",
		"Leibwächterin" : "Leibwächter",
		"Premer Seesöldnerin (UdW)" : "Premer Seesöldner",
		"Schlachtreiterin" : "Schlachtreiter",
		"Sklaven-Aufseherin" : "Sklaven-Aufseher",
		"Geheimagentin" : "Geheimagent",
		"Informantin" : "Informant",
		"Nanduriatin" : "Nanduriat",
		"Novadische Wüstenkriegerin" : "Novadischer Wüstenkrieger",
		"Achmad'sunni" : "Novadischer Wüstenkrieger|Achmad'sunni",
		"Banditin" : "Bandit",
		"Freischärlerin" : "Freischärler",
		"Kutschenräuberin" : "Kutschenräuber",
		"Thalusische Wegelagerin" : "Thalusischer Wegelagerer",
		"Wegelagerin" : "Wegelagerer",
		"Hochstaplerin" : "Hochstapler",
		"Schieberin" : "Schieber",
		"Spielerin" : "Spieler",
		"Zuhälterin" : "Zuhälter",
		"Bauhelferin" : "Bauhelfer",
		"Holzfällerin" : "Holzfäller",
		"Köhlerin" : "Köhler",
		"Lastenträgerin" : "Lastenträger",
		"Palmschneiderin" : "Palmschneider",
		"Schauerfrau" : "Schauerleute",
		"Zahorische Hazaqi" : "Zahorischer Hazaqi",
		"Zahorische Hazaqi (magisch)" : "Zahorischer Hazaqi|Zaubertänzer",
		"Aranische Majuna" : "Aranischer Majuna",
		"Aranische Majuna (magisch)" : "Aranischer Majuna|Zaubertänzer",
		"Taugenichts/Dilletantin" : "Dilletant",
		"Taugenichts/Stutzerin" : "Stutzer",
		"Falknerin" : "Falkner",
		"Hundeführerin" : "Hundeführer",
		"Tierbändigerin" : "Tierbändiger",
		"Zureiterin" : "Zureiter",
		"Auenläuferin" : "Auenläufer",
		"Schneeläuferin" : "Schneeläufer",
		"Steppenreiterin" : "Steppenreiter",
		"Wipflelläuferin" : "Wipfelläufer",
		"Brutpflegerin" : "Brutpfleger",
		"Feldscherin" : "Feldscher",
		"Quacksalberin/Zahnreißerin" : "Quacksalber",
		"Wundärztin" : "Wundarzt",
		"Beschützerin" : "Beschützer"
	}
}