{
	"releaseDate" : "2024-12-29_22-00",
	"previousReleaseDate" : "2024-09-22_17-30",
	"previousReleaseLink" : "https://raw.githubusercontent.com/DSATool/Data/master/release/Data_2024-09-22_17-30.zip",
	"updateInfo" : "https://raw.githubusercontent.com/DSATool/Data/master/release/update-info.json",
	"signatureProviderName" : "SunEC",
	"signatureKeyAlgorithm" : "EC",
	"signatureAlgorithm" : "SHA512withECDSA",
	"signatureKey" : "MFkwEwYHKoZIzj0CAQYIKoZIzj0DAQcDQgAE8OhZ4Ph0qrV1k1imx3mlzTGU9tF/R2eAnRHaiYKPVCE7mHO32zrsSieQQAlqN0IAj0gIxShBabPtj/vaQfZjew=="
}