{
	"Merkmal" : { "Pfade" : [["Merkmale"]] },
	"Ritual" : { "Pfade" : [["Rituale", "*"]] },
	"Talentgruppe" : { "Zusätzlich:Start" : ["Kampftalente"], "Pfade" : [["Talentgruppen"]], "Entfernen" : ["Gaben", "Ritualkenntnis", "Liturgiekenntnis"] },
	"Sonderfertigkeit" : { "Pfade" : [["Sonderfertigkeiten", "*"], ["Liturgien"], ["Rituale", "*"], ["Schamanenrituale"]] },
	"Zauber" : { "Pfade" : [["Zauber"]] },
	"Eigenschaft" : { "Pfade" : [["Eigenschaften", "*", "/Name"]] },
	"Gottheit" : { "Pfade" : [["Talente", "Liturgiekenntnis"]] },
	"Erzdämon" : { "Pfade" : [["Erzdaemonen"]], "Zusätzlich:Ende" : ["Aphasmayra"] },
	"Fernkampftalent" : { "Pfade" : [["Talente", "Fernkampftalente"]] },
	"Kampftalent" : { "Pfade" : [["Talente", "Nahkampftalente"], ["Talente", "Fernkampftalente"]] },
	"Waffenloses Kampftalent" : { "Zusätzlich:Start" : ["Raufen", "Ringen"] },
	"Profession" : { "Pfade" : [["Professionen"]] },
	"Repräsentation" : { "Pfade" : [["Repraesentationen", "/Name"]] },
	"Ritualkenntnis" : { "Pfade" : [["Talente", "Ritualkenntnis"]] },
	"Kirche" : { "Pfade" : [["Talente", "Liturgiekenntnis"]], "Zusätzlich:Ende" : ["Bund des wahren Glaubens"] }
}