{
	"Arngrimms Höhle" : { "Voraussetzungen" : { "Vorteile/Nachteile/Sonderfertigkeiten" : { "Muss" : { "Ritualkenntnis" : { "Auswahl" : { "Muss" : "Geister bannen" } } } } } },
	"Aufmerksamer Wächter" : { "Voraussetzungen" : { "Vorteile/Nachteile/Sonderfertigkeiten" : { "Muss" : { "Ritualkenntnis" : { "Auswahl" : { "Wahl" : ["Geister binden", "Petromantie"] } } } } } },
	"Blick in Liskas Auge" : { "Voraussetzungen" : { "Vorteile/Nachteile/Sonderfertigkeiten" : { "Muss" : { "Ritualkenntnis" : { "Auswahl" : { "Muss" : "Geister rufen" } } } } } },
	"Blick ins Geisterreich" : { "Voraussetzungen" : { "Vorteile/Nachteile/Sonderfertigkeiten" : { "Muss" : { "Ritualkenntnis" : { "Auswahl" : { "Muss" : "Geister rufen" } } } } } },
	"Blutsbund" : { "Voraussetzungen" : { "Vorteile/Nachteile/Sonderfertigkeiten" : { "Muss" : { "Ritualkenntnis" : { "Auswahl" : { "Muss" : "Geister binden" } } } } } },
	"Brazoragh Ghorkai" : { "Voraussetzungen" : { "Vorteile/Nachteile/Sonderfertigkeiten" : { "Muss" : { "Ritualkenntnis" : { "Auswahl" : { "Muss" : "Geister binden" } } } } } },
	"Echo der Steine" : { "Bücher" : { "Elementare Gewalten" : 155 }, "Voraussetzungen" : { "Vorteile/Nachteile/Sonderfertigkeiten" : { "Muss" : { "Ritualkenntnis" : { "Auswahl" : { "Muss" : "Petromantie" } } } } } },
	"Ergochai Tairachi" : { "Voraussetzungen" : { "Vorteile/Nachteile/Sonderfertigkeiten" : { "Muss" : { "Ritualkenntnis" : { "Auswahl" : { "Muss" : "Geister binden" } } } } } },
	"Erzkraft" : { "Bücher" : { "Elementare Gewalten" : 155 }, "Voraussetzungen" : { "Vorteile/Nachteile/Sonderfertigkeiten" : { "Muss" : { "Ritualkenntnis" : { "Auswahl" : { "Muss" : "Petromantie" } } } } } },
	"Exorzismus" : { "Voraussetzungen" : { "Vorteile/Nachteile/Sonderfertigkeiten" : { "Muss" : { "Ritualkenntnis" : { "Auswahl" : { "Muss" : "Geister bannen" } } } } } },
	"Farben des Krieges" : { "Voraussetzungen" : { "Vorteile/Nachteile/Sonderfertigkeiten" : { "Muss" : { "Ritualkenntnis" : { "Auswahl" : { "Wahl" : ["Geister binden", "Petromantie"] } } } } } },
	"Fluch der Verwirrung" : { "Voraussetzungen" : { "Vorteile/Nachteile/Sonderfertigkeiten" : { "Muss" : { "Ritualkenntnis" : { "Auswahl" : { "Muss" : "Geister rufen" } } } } } },
	"Freie Seelenfahrt" : { "Voraussetzungen" : { "Vorteile/Nachteile/Sonderfertigkeiten" : { "Muss" : { "Ritualkenntnis" : { "Auswahl" : { "Muss" : "Geister rufen" } } } } } },
	"Füttere meine Sippe" : { "Bücher" : { "Elementare Gewalten" : 155 }, "Voraussetzungen" : { "Vorteile/Nachteile/Sonderfertigkeiten" : { "Muss" : { "Ritualkenntnis" : { "Auswahl" : { "Muss" : "Petromantie" } } } } } },
	"Gaben der Erde" : { "Voraussetzungen" : { "Vorteile/Nachteile/Sonderfertigkeiten" : { "Muss" : { "Ritualkenntnis" : { "Auswahl" : { "Muss" : "Geister rufen" } } } } } },
	"Geisterbote" : { "Voraussetzungen" : { "Vorteile/Nachteile/Sonderfertigkeiten" : { "Muss" : { "Ritualkenntnis" : { "Auswahl" : { "Muss" : "Geister rufen" } } } } } },
	"Geisterkerker" : { "Voraussetzungen" : { "Vorteile/Nachteile/Sonderfertigkeiten" : { "Muss" : { "Ritualkenntnis" : { "Auswahl" : { "Muss" : "Geister binden" } } } } } },
	"Geistheilung" : { "Voraussetzungen" : { "Vorteile/Nachteile/Sonderfertigkeiten" : { "Muss" : { "Ritualkenntnis" : { "Auswahl" : { "Wahl" : ["Geister bannen", "Petromantie"] } } } } } },
	"Geleit des Nipakau" : { "Voraussetzungen" : { "Vorteile/Nachteile/Sonderfertigkeiten" : { "Muss" : { "Ritualkenntnis" : { "Auswahl" : { "Muss" : "Geister bannen" } } } } } },
	"Gesang der Wölfe" : { "Voraussetzungen" : { "Vorteile/Nachteile/Sonderfertigkeiten" : { "Muss" : { "Ritualkenntnis" : { "Auswahl" : { "Muss" : "Geister rufen" } } } } } },
	"Gharyak Maruki" : { "Voraussetzungen" : { "Vorteile/Nachteile/Sonderfertigkeiten" : { "Muss" : { "Ritualkenntnis" : { "Auswahl" : { "Muss" : "Geister binden" } } } } } },
	"Großer Geisterbann" : { "Voraussetzungen" : { "Vorteile/Nachteile/Sonderfertigkeiten" : { "Muss" : { "Ritualkenntnis" : { "Auswahl" : { "Muss" : "Geister bannen" } } } } } },
	"Hairuf" : { "Voraussetzungen" : { "Vorteile/Nachteile/Sonderfertigkeiten" : { "Muss" : { "Ritualkenntnis" : { "Auswahl" : { "Muss" : "Geister rufen" } } } } } },
	"Hauch des Elements" : { "Voraussetzungen" : { "Vorteile/Nachteile/Sonderfertigkeiten" : { "Muss" : { "Ritualkenntnis" : { "Auswahl" : { "Wahl" : ["Geister binden", "Petromantie"] } } } } } },
	"Heimführung der Herde" : { "Voraussetzungen" : { "Vorteile/Nachteile/Sonderfertigkeiten" : { "Muss" : { "Ritualkenntnis" : { "Auswahl" : { "Muss" : "Geister rufen" } } } } } },
	"Herz des Tieres" : { "Voraussetzungen" : { "Vorteile/Nachteile/Sonderfertigkeiten" : { "Muss" : { "Ritualkenntnis" : { "Auswahl" : { "Muss" : "Geister aufnehmen" } } } } } },
	"Hilferuf" : { "Voraussetzungen" : { "Vorteile/Nachteile/Sonderfertigkeiten" : { "Muss" : { "Ritualkenntnis" : { "Auswahl" : { "Muss" : "Geister rufen" } } } } } },
	"Jagdfieber" : { "Voraussetzungen" : { "Vorteile/Nachteile/Sonderfertigkeiten" : { "Muss" : { "Ritualkenntnis" : { "Auswahl" : { "Muss" : "Geister binden" } } } } } },
	"Khurkachai Tairachi" : { "Voraussetzungen" : { "Vorteile/Nachteile/Sonderfertigkeiten" : { "Muss" : { "Ritualkenntnis" : { "Auswahl" : { "Muss" : "Geister rufen" } } } } } },
	"Kraft der Berge" : { "Bücher" : { "Elementare Gewalten" : 155 }, "Voraussetzungen" : { "Vorteile/Nachteile/Sonderfertigkeiten" : { "Muss" : { "Ritualkenntnis" : { "Auswahl" : { "Muss" : "Petromantie" } } } } } },
	"Kraft der Tayas" : { "Voraussetzungen" : { "Vorteile/Nachteile/Sonderfertigkeiten" : { "Muss" : { "Ritualkenntnis" : { "Auswahl" : { "Muss" : "Geister rufen" } } } } } },
	"Kraft des Tieres" : { "Voraussetzungen" : { "Vorteile/Nachteile/Sonderfertigkeiten" : { "Muss" : { "Ritualkenntnis" : { "Auswahl" : { "Wahl" : ["Geister aufnehmen", "Petromantie"] } } } } } },
	"M'char Utrak Rikaii" : { "Voraussetzungen" : { "Vorteile/Nachteile/Sonderfertigkeiten" : { "Muss" : { "Ritualkenntnis" : { "Auswahl" : { "Muss" : "Geister rufen" } } } } } },
	"Macht der Elemente" : { "Voraussetzungen" : { "Vorteile/Nachteile/Sonderfertigkeiten" : { "Muss" : { "Ritualkenntnis" : { "Auswahl" : { "Wahl" : ["Geister rufen", "Petromantie"] } } } } } },
	"Macht des Blutes" : { "Voraussetzungen" : { "Vorteile/Nachteile/Sonderfertigkeiten" : { "Muss" : { "Ritualkenntnis" : { "Auswahl" : { "Muss" : "Geister bannen" } } } } } },
	"Mailam Rekdais Segen" : { "Voraussetzungen" : { "Vorteile/Nachteile/Sonderfertigkeiten" : { "Muss" : { "Ritualkenntnis" : { "Auswahl" : { "Muss" : "Geister rufen" } } } } } },
	"Mammutruf" : { "Voraussetzungen" : { "Vorteile/Nachteile/Sonderfertigkeiten" : { "Muss" : { "Ritualkenntnis" : { "Auswahl" : { "Muss" : "Geister rufen" } } } } } },
	"Ogerruf" : { "Voraussetzungen" : { "Vorteile/Nachteile/Sonderfertigkeiten" : { "Muss" : { "Ritualkenntnis" : { "Auswahl" : { "Muss" : "Geister rufen" } } } } } },
	"Pfad der Blutrache" : { "Voraussetzungen" : { "Vorteile/Nachteile/Sonderfertigkeiten" : { "Muss" : { "Ritualkenntnis" : { "Auswahl" : { "Muss" : "Geister rufen" } } } } } },
	"Rat der Ahnen" : { "Voraussetzungen" : { "Vorteile/Nachteile/Sonderfertigkeiten" : { "Muss" : { "Ritualkenntnis" : { "Auswahl" : { "Muss" : "Geister rufen" } } } } } },
	"Regentanz" : { "Voraussetzungen" : { "Vorteile/Nachteile/Sonderfertigkeiten" : { "Muss" : { "Ritualkenntnis" : { "Auswahl" : { "Muss" : "Geister rufen" } } } } } },
	"Reinigen des Wassers" : { "Voraussetzungen" : { "Vorteile/Nachteile/Sonderfertigkeiten" : { "Muss" : { "Ritualkenntnis" : { "Auswahl" : { "Muss" : "Geister bannen" } } } } } },
	"Reißgrams Fährte" : { "Voraussetzungen" : { "Vorteile/Nachteile/Sonderfertigkeiten" : { "Muss" : { "Ritualkenntnis" : { "Auswahl" : { "Muss" : "Geister binden" } } } } } },
	"Reitender Geist" : { "Voraussetzungen" : { "Vorteile/Nachteile/Sonderfertigkeiten" : { "Muss" : { "Ritualkenntnis" : { "Auswahl" : { "Muss" : "Geister binden" } } } } } },
	"Rikais Verderben" : { "Voraussetzungen" : { "Vorteile/Nachteile/Sonderfertigkeiten" : { "Muss" : { "Ritualkenntnis" : { "Auswahl" : { "Muss" : "Geister rufen" } } } } } },
	"Rinderruf" : { "Voraussetzungen" : { "Vorteile/Nachteile/Sonderfertigkeiten" : { "Muss" : { "Ritualkenntnis" : { "Auswahl" : { "Muss" : "Geister rufen" } } } } } },
	"Ruf des Schamanen" : { "Voraussetzungen" : { "Vorteile/Nachteile/Sonderfertigkeiten" : { "Muss" : { "Ritualkenntnis" : { "Auswahl" : { "Wahl" : ["Geister rufen", "Petromantie"] } } } } } },
	"Schlangenfluch" : { "Voraussetzungen" : { "Vorteile/Nachteile/Sonderfertigkeiten" : { "Muss" : { "Ritualkenntnis" : { "Auswahl" : { "Muss" : "Geister binden" } } } } } },
	"Schlangengeist" : { "Voraussetzungen" : { "Vorteile/Nachteile/Sonderfertigkeiten" : { "Muss" : { "Ritualkenntnis" : { "Auswahl" : { "Muss" : "Geister aufnehmen" } } } } } },
	"Schlingerruf" : { "Voraussetzungen" : { "Vorteile/Nachteile/Sonderfertigkeiten" : { "Muss" : { "Ritualkenntnis" : { "Auswahl" : { "Muss" : "Geister rufen" } } } } } },
	"Schomas Kraft" : { "Voraussetzungen" : { "Vorteile/Nachteile/Sonderfertigkeiten" : { "Muss" : { "Ritualkenntnis" : { "Auswahl" : { "Wahl" : ["Geister aufnehmen", "Geister binden"] } } } } } },
	"Schutz der Höhle" : { "Bücher" : { "Elementare Gewalten" : 155 }, "Voraussetzungen" : { "Vorteile/Nachteile/Sonderfertigkeiten" : { "Muss" : { "Ritualkenntnis" : { "Auswahl" : { "Muss" : "Petromantie" } } } } } },
	"Schutz der Jurte" : { "Voraussetzungen" : { "Vorteile/Nachteile/Sonderfertigkeiten" : { "Muss" : { "Ritualkenntnis" : { "Auswahl" : { "Muss" : "Geister binden" } } } } } },
	"Schützende Rotte" : { "Voraussetzungen" : { "Vorteile/Nachteile/Sonderfertigkeiten" : { "Muss" : { "Ritualkenntnis" : { "Auswahl" : { "Muss" : "Geister binden" } } } } } },
	"Seeschlangenruf" : { "Voraussetzungen" : { "Vorteile/Nachteile/Sonderfertigkeiten" : { "Muss" : { "Ritualkenntnis" : { "Auswahl" : { "Muss" : "Geister rufen" } } } } } },
	"Stimme des Felsens" : { "Bücher" : { "Elementare Gewalten" : 155 }, "Voraussetzungen" : { "Vorteile/Nachteile/Sonderfertigkeiten" : { "Muss" : { "Ritualkenntnis" : { "Auswahl" : { "Muss" : "Petromantie" } } } } } },
	"Stimme des Nipakau" : { "Voraussetzungen" : { "Vorteile/Nachteile/Sonderfertigkeiten" : { "Muss" : { "Ritualkenntnis" : { "Auswahl" : { "Muss" : "Geister rufen" } } } } } },
	"Tabuzone" : { "Voraussetzungen" : { "Vorteile/Nachteile/Sonderfertigkeiten" : { "Muss" : { "Ritualkenntnis" : { "Auswahl" : { "Wahl" : ["Geister binden", "Petromantie"] } } } } } },
	"Tauschplatz" : { "Voraussetzungen" : { "Vorteile/Nachteile/Sonderfertigkeiten" : { "Muss" : { "Ritualkenntnis" : { "Auswahl" : { "Muss" : "Geister binden" } } } } } },
	"Tiere aus Farben" : { "Voraussetzungen" : { "Vorteile/Nachteile/Sonderfertigkeiten" : { "Muss" : { "Ritualkenntnis" : { "Auswahl" : { "Wahl" : ["Geister binden", "Petromantie"] } } } } } },
	"Tränke meine Herde" : { "Voraussetzungen" : { "Vorteile/Nachteile/Sonderfertigkeiten" : { "Muss" : { "Ritualkenntnis" : { "Auswahl" : { "Muss" : "Geister rufen" } } } } } },
	"Trollruf" : { "Bücher" : { "Elementare Gewalten" : 155 }, "Voraussetzungen" : { "Vorteile/Nachteile/Sonderfertigkeiten" : { "Muss" : { "Ritualkenntnis" : { "Auswahl" : { "Muss" : "Petromantie" } } } } } },
	"Weckruf" : { "Voraussetzungen" : { "Vorteile/Nachteile/Sonderfertigkeiten" : { "Muss" : { "Ritualkenntnis" : { "Auswahl" : { "Wahl" : ["Geister binden", "Petromantie"] } } } } } },
	"Weg des Windes" : { "Voraussetzungen" : { "Vorteile/Nachteile/Sonderfertigkeiten" : { "Muss" : { "Ritualkenntnis" : { "Auswahl" : { "Muss" : "Geister aufnehmen" } } } } } },
	"Wegzeichen" : { "Voraussetzungen" : { "Vorteile/Nachteile/Sonderfertigkeiten" : { "Muss" : { "Ritualkenntnis" : { "Auswahl" : { "Wahl" : ["Geister binden", "Petromantie"] } } } } } },
	"Weidegründe finden" : { "Voraussetzungen" : { "Vorteile/Nachteile/Sonderfertigkeiten" : { "Muss" : { "Ritualkenntnis" : { "Auswahl" : { "Muss" : "Geister rufen" } } } } } },
	"Wild finden" : { "Voraussetzungen" : { "Vorteile/Nachteile/Sonderfertigkeiten" : { "Muss" : { "Ritualkenntnis" : { "Auswahl" : { "Muss" : "Geister rufen" } } } } } },
	"Wildschweinruf" : { "Voraussetzungen" : { "Vorteile/Nachteile/Sonderfertigkeiten" : { "Muss" : { "Ritualkenntnis" : { "Auswahl" : { "Muss" : "Geister bannen" } } } } } },
	"Wolfsfluch" : { "Voraussetzungen" : { "Vorteile/Nachteile/Sonderfertigkeiten" : { "Muss" : { "Ritualkenntnis" : { "Auswahl" : { "Muss" : "Geister binden" } } } } } },
	"Wolfsruf" : { "Voraussetzungen" : { "Vorteile/Nachteile/Sonderfertigkeiten" : { "Muss" : { "Ritualkenntnis" : { "Auswahl" : { "Muss" : "Geister rufen" } } } } } },
	"Zeichen setzen" : { "Voraussetzungen" : { "Vorteile/Nachteile/Sonderfertigkeiten" : { "Muss" : { "Ritualkenntnis" : { "Auswahl" : { "Muss" : "Geister binden" } } } } } },
	"Zorn der Khoramsbestie" : { "Voraussetzungen" : { "Vorteile/Nachteile/Sonderfertigkeiten" : { "Muss" : { "Ritualkenntnis" : { "Auswahl" : { "Muss" : "Geister aufnehmen" } } } } } },
	"Zorn des Berglöwen" : { "Voraussetzungen" : { "Vorteile/Nachteile/Sonderfertigkeiten" : { "Muss" : { "Ritualkenntnis" : { "Auswahl" : { "Muss" : "Geister aufnehmen" } } } } } },
	"Zorn des Firunsbären" : { "Voraussetzungen" : { "Vorteile/Nachteile/Sonderfertigkeiten" : { "Muss" : { "Ritualkenntnis" : { "Auswahl" : { "Muss" : "Geister aufnehmen" } } } } } },
	"Zorn des Schneelaurers" : { "Voraussetzungen" : { "Vorteile/Nachteile/Sonderfertigkeiten" : { "Muss" : { "Ritualkenntnis" : { "Auswahl" : { "Muss" : "Geister aufnehmen" } } } } } },
	"Abvenenum reine Speise" : { "Voraussetzungen" : { "Vorteile/Nachteile/Sonderfertigkeiten" : { "Muss" : { "Ritualkenntnis" : { "Auswahl" : { "Muss" : "Geister bannen" } } } } } },
	"Adlerschwinge Wolfsgestalt" : { "Voraussetzungen" : { "Vorteile/Nachteile/Sonderfertigkeiten" : { "Muss" : { "Ritualkenntnis" : { "Auswahl" : { "Muss" : "Geister aufnehmen" } } } } } },
	"Attributo" : { "Voraussetzungen" : { "Vorteile/Nachteile/Sonderfertigkeiten" : { "Muss" : { "Ritualkenntnis" : { "Auswahl" : { "Muss" : "Geister binden" } } } } } },
	"Blick in die Vergangenheit" : { "Voraussetzungen" : { "Vorteile/Nachteile/Sonderfertigkeiten" : { "Muss" : { "Ritualkenntnis" : { "Auswahl" : { "Muss" : "Geister rufen" } } } } } },
	"Fluch der Pestilenz" : { "Voraussetzungen" : { "Vorteile/Nachteile/Sonderfertigkeiten" : { "Muss" : { "Ritualkenntnis" : { "Auswahl" : { "Muss" : "Geister binden" } } } } } },
	"Halluzination" : { "Voraussetzungen" : { "Vorteile/Nachteile/Sonderfertigkeiten" : { "Muss" : { "Ritualkenntnis" : { "Auswahl" : { "Muss" : "Geister rufen" } } } } } },
	"Harmlose Gestalt" : { "Voraussetzungen" : { "Vorteile/Nachteile/Sonderfertigkeiten" : { "Muss" : { "Ritualkenntnis" : { "Auswahl" : { "Muss" : "Geister aufnehmen" } } } } } },
	"Haselbusch und Ginsterkraut" : { "Voraussetzungen" : { "Vorteile/Nachteile/Sonderfertigkeiten" : { "Muss" : { "Ritualkenntnis" : { "Auswahl" : { "Muss" : "Geister bannen" } } } } } },
	"Herr über das Tierreich" : { "Voraussetzungen" : { "Vorteile/Nachteile/Sonderfertigkeiten" : { "Muss" : { "Ritualkenntnis" : { "Auswahl" : { "Muss" : "Geister bannen" } } } } } },
	"Invocatio minor" : { "Voraussetzungen" : { "Vorteile/Nachteile/Sonderfertigkeiten" : { "Muss" : { "Ritualkenntnis" : { "Auswahl" : { "Muss" : "Geister rufen" } } } } } },
	"Magischer Raub" : { "Voraussetzungen" : { "Vorteile/Nachteile/Sonderfertigkeiten" : { "Muss" : { "Ritualkenntnis" : { "Auswahl" : { "Muss" : "Geister aufnehmen" } } } } } },
	"Manifesto Element" : { "Voraussetzungen" : { "Vorteile/Nachteile/Sonderfertigkeiten" : { "Muss" : { "Ritualkenntnis" : { "Auswahl" : { "Muss" : "Geister rufen" } } } } } },
	"Sanftmut" : { "Voraussetzungen" : { "Vorteile/Nachteile/Sonderfertigkeiten" : { "Muss" : { "Ritualkenntnis" : { "Auswahl" : { "Muss" : "Geister bannen" } } } } } },
	"Seelenwanderung" : { "Voraussetzungen" : { "Vorteile/Nachteile/Sonderfertigkeiten" : { "Muss" : { "Ritualkenntnis" : { "Auswahl" : { "Muss" : "Geister aufnehmen" } } } } } },
	"Tiergedanken" : { "Voraussetzungen" : { "Vorteile/Nachteile/Sonderfertigkeiten" : { "Muss" : { "Ritualkenntnis" : { "Auswahl" : { "Muss" : "Geister rufen" } } } } } },
	"Wettermeisterschaft" : { "Voraussetzungen" : { "Vorteile/Nachteile/Sonderfertigkeiten" : { "Muss" : { "Ritualkenntnis" : { "Auswahl" : { "Muss" : "Geister bannen" } } } } } },
	"Zauberklinge Geisterspeer" : { "Voraussetzungen" : { "Vorteile/Nachteile/Sonderfertigkeiten" : { "Muss" : { "Ritualkenntnis" : { "Auswahl" : { "Muss" : "Geister binden" } } } } } },
	"Zwingtanz" : { "Voraussetzungen" : { "Vorteile/Nachteile/Sonderfertigkeiten" : { "Muss" : { "Ritualkenntnis" : { "Auswahl" : { "Muss" : "Geister bannen" } } } } } },
}