{
	"Antimagie" : { "Abkürzung" : "Am" },
	"Beschwörung" : { "Abkürzung" : "Bs" },
	"Dämonisch (gesamt)" : { "Abkürzung" : "DG" },
	"Dämonisch (Agrimoth)" : { "Abkürzung" : "DAg" },
	"Dämonisch (Amazeroth)" : { "Abkürzung" : "DAm" },
	"Dämonisch (Asfaloth)" : { "Abkürzung" : "DAs" },
	"Dämonisch (Belhalhar)" : { "Abkürzung" : "DBh" },
	"Dämonisch (Belkelel)" : { "Abkürzung" : "DBk" },
	"Dämonisch (Belshirash)" : { "Abkürzung" : "DBs" },
	"Dämonisch (Belzhorash)" : { "Abkürzung" : "DBz" },
	"Dämonisch (Blakharaz)" : { "Abkürzung" : "DBl" },
	"Dämonisch (Charyptoroth)" : { "Abkürzung" : "DCh" },
	"Dämonisch (Lolgramoth)" : { "Abkürzung" : "DLg" },
	"Dämonisch (Tasfarelel)" : { "Abkürzung" : "DTf" },
	"Dämonisch (Thargunitoth)" : { "Abkürzung" : "DTg" },
	"Eigenschaften" : { "Abkürzung" : "Es" },
	"Einfluss" : { "Abkürzung" : "Ef" },
	"Elementar (gesamt)" : { "Abkürzung" : "EG" },
	"Elementar (Eis)" : { "Abkürzung" : "EEi" },
	"Elementar (Erz)" : { "Abkürzung" : "EEr" },
	"Elementar (Feuer)" : { "Abkürzung" : "EFe" },
	"Elementar (Humus)" : { "Abkürzung" : "EHu" },
	"Elementar (Luft)" : { "Abkürzung" : "ELu" },
	"Elementar (Wasser)" : { "Abkürzung" : "EWa" },
	"Form" : { "Abkürzung" : "Fm" },
	"Geisterwesen" : { "Abkürzung" : "Gw" },
	"Heilung" : { "Abkürzung" : "Hg" },
	"Hellsicht" : { "Abkürzung" : "Hs" },
	"Herbeirufung" : { "Abkürzung" : "Hb" },
	"Herrschaft" : { "Abkürzung" : "Hr" },
	"Illusion" : { "Abkürzung" : "Il" },
	"Kraft" : { "Abkürzung" : "Kr" },
	"Limbus" : { "Abkürzung" : "Lb" },
	"Metamagie" : { "Abkürzung" : "Mm" },
	"Objekt" : { "Abkürzung" : "Ob" },
	"Schaden" : { "Abkürzung" : "Sc" },
	"Telekinese" : { "Abkürzung" : "Tk" },
	"Temporal" : { "Abkürzung" : "Tp" },
	"Umwelt" : { "Abkürzung" : "Uw" },
	"Verständigung" : { "Abkürzung" : "Vs" }
}