{
	"Allgemein" : {
		"Abneigung" : { "Schlechte Eigenschaft" : true, "Abgestuft" : true, "Freitext" : "Gruppe", "Beschreibung:Kurz" : "Zeigt Abneigung gegenüber der genannten Gruppe" },
		"Friedliebend" : { "Bücher" : { "Zoo-Botanica Aventurica" : 20 }, "Beschreibung:Kurz" : "Kann Fass nicht erlernen" },
		"Geduldig" : { "Bücher" : { "Zoo-Botanica Aventurica" : 20 }, "Beschreibung:Kurz" : "Erträgt unsachgemäße Behandlung länger" },
		"Halbwild" : { "Bücher" : { "Zoo-Botanica Aventurica" : 20 }, "Beschreibung:Kurz" : "Abrichten+2 zur Ausbildung" },
		"Höhenangst" : { "Schlechte Eigenschaft" : true, "Abgestuft" : true, "Beschreibung:Kurz" : "Reagiert panisch auf Höhen" },
		"Immunität gegen Gift" : { "Freitext" : "einzelnes Gift", "Beschreibung:Kurz" : "KO-7 bei Resistenzprobe" },
		"Intelligent" : { "Bücher" : { "Zoo-Botanica Aventurica" : 20 }, "Beschreibung:Kurz" : "Kann komplexe Befehle lernen" },
		"Jähzorn" : { "Schlechte Eigenschaft" : true, "Abgestuft" : true, "Beschreibung:Kurz" : "Überreagiert schnell" },
		"Kälteresistenz" : { "Beschreibung:Kurz" : "Erleidet erst unter -20° reduzierten Schaden" },
		"Kehlenbiss" : { "Bücher" : { "Zoo-Botanica Aventurica" : 21 }, "Beschreibung:Kurz" : "Glückliche AT führt zu Verbeißen" },
		"Kläffer" : { "Bücher" : { "Zoo-Botanica Aventurica" : 21 }, "Beschreibung:Kurz" : "Bellt häufig, kann Still nicht lernen" },
		"Nachtsicht" : { "Beschreibung:Kurz" : "Auch bei minimaler Beleuchtung nur AT/PA -2/-2" },
		"Neugier" : { "Schlechte Eigenschaft" : true, "Abgestuft" : true, "Beschreibung:Kurz" : "Will alles, was interessant wirkt, untersuchen" },
		"Schnelligkeit" : { "Bücher" : { "Zoo-Botanica Aventurica" : 21 }, "Beschreibung:Kurz" : "Höhere GS auf kurzen Strecken" },
		"Schwer zu erziehen" : { "Bücher" : { "Zoo-Botanica Aventurica" : 21 }, "Beschreibung:Kurz" : "2 Proben für LO-Erhöhung, Schulung+2, TaP*+20%" },
		"Spieltrieb" : { "Bücher" : { "Zoo-Botanica Aventurica" : 21 }, "Schlechte Eigenschaft" : true, "Abgestuft" : true, "Beschreibung:Kurz" : "Wird übermütig, spielt, hört nicht auf Befehle" },
		"Sprachfähigkeit" : { "Bücher" : { "Zoo-Botanica Aventurica" : 21 }, "Beschreibung:Kurz" : "Kann Sprache als Trick wiedegeben" },
		"Wasserangst" : { "Beschreibung:Kurz" : "Reagiert panisch auf Wasser" },
		"Wasserliebend" : { "Beschreibung:Kurz" : "Wälzt sich bei jeder Gelegenheit im Wasser" },
		"Zäh" : { "Bücher" : { "Zoo-Botanica Aventurica" : 21 }, "Beschreibung:Kurz" : "Kann bei 0 LeP noch regenerieren, erst bei -KO tot" }
	},
	"Reittiere" : {
		"Aufblasen" : { "Bücher" : { "Zoo-Botanica Aventurica" : 37 }, "Beschreibung:Kurz" : "Muss nach Satteln herumgeführt werden" },
		"Ausdauernd" : { "Bücher" : { "Zoo-Botanica Aventurica" : 36 }, "Beschreibung:Kurz" : "Ist in bestimmten Geschwindigkeiten sehr ausdauernd" },
		"Bissigkeit" : { "Bücher" : { "Zoo-Botanica Aventurica" : 37 }, "Beschreibung:Kurz" : "Versucht jeden Menschen zu beißen, LO-1" },
		"Buckeln" : { "Bücher" : { "Zoo-Botanica Aventurica" : 37 }, "Beschreibung:Kurz" : "Buckelt bei Schenkelhilfen, evtl. Reiten erschwert" },
		"Eigenwillig" : { "Bücher" : { "Zoo-Botanica Aventurica" : 36 }, "Beschreibung:Kurz" : "Vertraut nur Bekannten, LO-2 bei Fremden" },
		"Einzelgänger" : { "Bücher" : { "Zoo-Botanica Aventurica" : 36 }, "Beschreibung:Kurz" : "Kein Herdentier, evtl. bissig gegenüber anderen Tieren" },
		"Elegante Erscheinung" : { "Bücher" : { "Zoo-Botanica Aventurica" : 36 }, "Beschreibung:Kurz" : "Wirkt besonders elegant, zieht Blicke auf sich" },
		"Erhöhte Tragkraft" : { "Bücher" : { "Zoo-Botanica Aventurica" : 36 }, "Beschreibung:Kurz" : "Hat einen erhöhten Tragkraftfaktor" },
		"Erhöhte Zugkraft" : { "Bücher" : { "Zoo-Botanica Aventurica" : 36 }, "Beschreibung:Kurz" : "Hat einen erhöhten Zugkraftfaktor" },
		"Feurig" : { "Bücher" : { "Zoo-Botanica Aventurica" : 36 }, "Beschreibung:Kurz" : "Bewegt sich mit exquisiter, furchterregender Eleganz" },
		"Flinkheit" : { "Bücher" : { "Zoo-Botanica Aventurica" : 36 }, "Beschreibung:Kurz" : "Ist besonders agil und schnell" },
		"Genügsam" : { "Bücher" : { "Zoo-Botanica Aventurica" : 36 }, "Beschreibung:Kurz" : "Kommt in manchen Situationen mit wenig Futter aus" },
		"Gutmütig" : { "Bücher" : { "Zoo-Botanica Aventurica" : 36 }, "Beschreibung:Kurz" : "Schwer einzuschüchtern, Schrecksicher und Stillstand leichter" },
		"Knabbern" : { "Bücher" : { "Zoo-Botanica Aventurica" : 37 }, "Beschreibung:Kurz" : "Kaut alles an, was in Reichweite, Kosten +2S/Monat" },
		"Kopfscheu" : { "Bücher" : { "Zoo-Botanica Aventurica" : 37 }, "Beschreibung:Kurz" : "Verweigert Aufzäumen, Ausweichen 10 dabei" },
		"Laut" : { "Bücher" : { "Zoo-Botanica Aventurica" : 37 }, "Beschreibung:Kurz" : "Wiehert besonders laut/häufig/durchdringend" },
		"Lernfähig" : { "Bücher" : { "Zoo-Botanica Aventurica" : 36 }, "Beschreibung:Kurz" : "Besitzt erhöhte Lernfähigkeit, Abrichten-1" },
		"Magiegespür" : { "Bücher" : { "Zoo-Botanica Aventurica" : 36 }, "Beschreibung:Kurz" : "Erkennen Magie und fühlen sich hingezogen" },
		"Nervosität" : { "Bücher" : { "Zoo-Botanica Aventurica" : 36 }, "Beschreibung:Kurz" : "Schrecksicher und Stillstand zusätzlich Abrichten+8" },
		"Orientierungssinn" : { "Bücher" : { "Zoo-Botanica Aventurica" : 36 }, "Beschreibung:Kurz" : "Findet bekannte Plätze auch bei widrigem Wetter leicht" },
		"Ruhiges Temperament" : { "Bücher" : { "Zoo-Botanica Aventurica" : 36 }, "Beschreibung:Kurz" : "Für Ungeübte leicht zu Reiten, Reiten-1 wenn Reiten<4" },
		"Sattelzwang" : { "Bücher" : { "Zoo-Botanica Aventurica" : 37 }, "Beschreibung:Kurz" : "Verweigert sich Satteln, LO-2, Ausweichen 10 dabei" },
		"Scheu" : { "Bücher" : { "Zoo-Botanica Aventurica" : 37 }, "Beschreibung:Kurz" : "Läuft bei jeder Gelegenheit davon, LO-2" },
		"Schnell" : { "Bücher" : { "Zoo-Botanica Aventurica" : 36 }, "Beschreibung:Kurz" : "Hat eine hohe Endgeschwindigkeit" },
		"Sprungsicherheit" : { "Bücher" : { "Zoo-Botanica Aventurica" : 36 }, "Beschreibung:Kurz" : "Natürlicher Instinkt zum Springen, Reiten-3 bei Sprüngen" },
		"Spucken" : { "Bücher" : { "Zoo-Botanica Aventurica" : 37 }, "Beschreibung:Kurz" : "Spuckt Fremde unvermittelt an" },
		"Stark" : { "Bücher" : { "Zoo-Botanica Aventurica" : 36 }, "Beschreibung:Kurz" : "Besitzt eine besonders hohe Körperkraft" },
		"Störrisch" : { "Bücher" : { "Zoo-Botanica Aventurica" : 36 }, "Beschreibung:Kurz" : "Bleibt oft grundlos stur stehen" },
		"Trendeln" : { "Bücher" : { "Zoo-Botanica Aventurica" : 36 }, "Beschreibung:Kurz" : "Besitzt eine weitere, besonders weiche Gangart" },
		"Treten" : { "Bücher" : { "Zoo-Botanica Aventurica" : 37 }, "Beschreibung:Kurz" : "Tritt bei Missmutigkeit drohend aus, LO-1" },
		"Trittsicherheit" : { "Bücher" : { "Zoo-Botanica Aventurica" : 36 }, "Freitext" : "Gelände", "Beschreibung:Kurz" : "Ist an Gelände gewöhnt, Reiten evtl. erleichtert" },
		"Verminderte Tragkraft" : { "Bücher" : { "Zoo-Botanica Aventurica" : 36 }, "Beschreibung:Kurz" : "Hat einen kleinen Tragkraftfaktor" },
		"Wasserliebend" : { "Beschreibung:Kurz" : "Wälzt sich bei jeder Gelegenheit im Wasser" },
		"Weiche Gänge" : { "Beschreibung:Kurz" : "Für Ungeübte leicht zu Reiten, Reiten-1 wenn Reiten<4" },
		"Zäh" : { "Beschreibung:Kurz" : "Kann sehr widrige Bedingungen überleben, z.B. große Kälte" }
	}
}