{
	"DSA 4.1 Standard" : {
		"Wege des Schwerts" : {},
		"Wege der Zauberei" : {},
		"Liber Cantiones (HC)" : {},
		"Liber Liturgium" : {},
		"Wege der Götter" : {},
		"Wege der Helden" : {},
		"Wege der Alchimie" : {}
	},
	"DSA 4.1 Zusatz" : {
		"Aventurisches Arsenal" : {},
		"Zoo-Botanica Aventurica" : {},
		"Elementare Gewalten" : {},
		"Von Toten und Untoten" : {},
		"Handelsherr und Kiepenkerl" : {},
		"Stätten okkulter Geheimnisse" : {},
		"Stätten okkulter Geheimnisse - Bonusmaterial" : {},
		"Kultur- und Professionsvarianten zu »Unter dem Westwind«" : {},
		"Meisterschirm" : {}
	},
	"Dunkle Zeiten" : {
		"Ordnung ins Chaos" : {}
	}
}