{
	"Gesamtwunden" : {
		"Gesamt" : { "Allgemein" : { "Eigenschaften" : { "GE" : { "Additiv" : -2 } }, "Basiswerte" : { "Attacke-Basis" : { "Additiv" : -2 }, "Parade-Basis" : { "Additiv" : -2 }, "Fernkampf-Basis" : { "Additiv" : -2 }, "Initiative-Basis" : { "Additiv" : -2 } }, "Text" : "AT, PA, FK, GE, INI-Basis -2" } }
	},
	"Zonenwunden" : {
		"Kopf" : { "Ansage" : 4, "Parade" : -4, "Fernkampf" : 10, "Heilung" : [5, 9, 15], "Zufall" : { "Werte" : [19, 20], "Text" : "19-20" }, "Allgemein" : { "Eigenschaften" : { "MU" : { "Additiv" : -2 }, "KL" : { "Additiv" : -2 }, "IN" : { "Additiv" : -2 } }, "Basiswerte" : { "Initiative-Basis" : { "Additiv" : -2 } }, "Initiative" : { "Multiplikativ" : -1, "Würfel:Typ" : 6, "Würfel:Anzahl" : 2 }, "Text" : "MU, KL, IN, INI-Basis  -2, INI -2W6" }, "Dritte Wunde" : { "Basiswerte" : { "Lebensenergie" : { "Multiplikativ" : -1, "Würfel:Typ" : 6, "Würfel:Anzahl" : 2 } }, "Text" : "2W6 SP, bewusstlos, Blutverlust (1SP/KR)" } },
		"Brust" : { "Ansage" : 6, "Parade" : -2, "Fernkampf" : 6, "Heilung" : [5, 12, 15], "Zufall" : { "Werte" : [15, 16, 17, 18], "Text" : "15-18" }, "Allgemein" : { "Eigenschaften" : { "KL" : { "Additiv" : -1 }, "KK" : { "Additiv" : -1 } }, "Basiswerte" : { "Lebensenergie" : { "Multiplikativ" : -1, "Würfel:Typ" : 6, "Würfel:Anzahl" : 1 }, "Attacke-Basis" : { "Additiv" : -1 }, "Parade-Basis" : { "Additiv" : -1 }, "Fernkampf-Basis" : { "Additiv" : -1 } }, "Text" : "AT, PA, KO, KK -1, 1W6 SP" }, "Dritte Wunde" : { "Text" : "bewusstlos, Blutverlust (1SP/KR)" } },
		"Schwertarm" : { "Ansage" : 4, "Parade" : 0, "Fernkampf" : 10, "Heilung" : [3, 7, 12], "Zufall" : { "Werte" : [10, 12, 14], "Text" : "10, 12, 14" }, "Allgemein" : { "Eigenschaften" : { "FF" : { "Additiv" : -2 }, "KK" : { "Additiv" : -2 } }, "Basiswerte" : { "Attacke-Basis" : { "Additiv" : -2 }, "Parade-Basis" : { "Additiv" : -2 }, "Fernkampf-Basis" : { "Additiv" : -2 } }, "Text" : "AT, PA, FF, KK -2 mit diesem Arm" }, "Dritte Wunde" : { "Text" : "Arm handlungsunfähig" } },
		"Schildarm" : { "Ansage" : 6, "Parade" : 0, "Fernkampf" : 10, "Heilung" : [3, 7, 12], "Zufall" : { "Werte" : [9, 11, 13], "Text" : "9, 11, 13" }, "Allgemein" : { "Eigenschaften" : { "FF" : { "Additiv" : -2 }, "KK" : { "Additiv" : -2 } }, "Basiswerte" : { "Attacke-Basis" : { "Additiv" : -2 }, "Parade-Basis" : { "Additiv" : -2 }, "Fernkampf-Basis" : { "Additiv" : -2 } }, "Text" : "AT, PA, FF, KK -2 mit diesem Arm" }, "Dritte Wunde" : { "Text" : "Arm handlungsunfähig" } },
		"Bauch" : { "Ansage" : 4, "Parade" : -2, "Fernkampf" : 6, "Heilung" : [5, 12, 15], "Zufall" : { "Werte" : [7, 8], "Text" : "7-8" }, "Allgemein" : { "Eigenschaften" : { "KO" : { "Additiv" : -1 }, "KK" : { "Additiv" : -1 } }, "Basiswerte" : { "Attacke-Basis" : { "Additiv" : -1 }, "Parade-Basis" : { "Additiv" : -1 }, "Fernkampf-Basis" : { "Additiv" : -1 }, "Geschwindigkeit" : { "Additiv" : -1 }, "Initiative-Basis" : { "Additiv" : -1 }, "Lebensenergie" : { "Multiplikativ" : -1, "Würfel:Typ" : 6, "Würfel:Anzahl" : 1 } }, "Text" : "AT, PA, KO, KK, GS, INI-Basis -1, 1W6 SP" }, "Dritte Wunde" : { "Text" : "bewusstlos, Blutverlust (1SP/KR)" } },
		"Beine" : { "Ansage" : 2, "Parade" : 0, "Fernkampf" : 8, "Heilung" : [3, 7, 12], "Zufall" : { "Werte" : [1, 2, 3, 4, 5, 6], "Text" : "1-6" }, "Allgemein" : { "Eigenschaften" : { "GE" : { "Additiv" : -2 } }, "Basiswerte" : { "Attacke-Basis" : { "Additiv" : -2 }, "Parade-Basis" : { "Additiv" : -2 }, "Fernkampf-Basis" : { "Additiv" : -2 }, "Initiative-Basis" : { "Additiv" : -2 }, "Geschwindigkeit" : { "Additiv" : -1 } }, "Text" : "AT, PA, GE, INI-Basis -2, GS -1" }, "Dritte Wunde" : { "Text" : "Sturz, kampfunfähig" } },
		"krit. Zone" : { "Fernkampf" : 20, "Allgemein" : { "Text" : "Meisterentscheid" } }
	}
}