{
	"releaseDate" : "2020-06-05_17-30",
	"previousReleaseDate" : "2020-05-30_12-00",
	"previousReleaseLink" : "https://raw.githubusercontent.com/DSATool/Data/master/release/Data_2020-05-30_12-00.zip",
	"updateInfo" : "https://raw.githubusercontent.com/DSATool/Data/master/release/update-info.json",
	"signatureProviderName" : "SunEC",
	"signatureKeyAlgorithm" : "EC",
	"signatureAlgorithm" : "SHA512withECDSA",
	"signatureKey" : "MFkwEwYHKoZIzj0CAQYIKoZIzj0DAQcDQgAE8OhZ4Ph0qrV1k1imx3mlzTGU9tF/R2eAnRHaiYKPVCE7mHO32zrsSieQQAlqN0IAj0gIxShBabPtj/vaQfZjew=="
}